Sat Mar 17 05:53:08 2018,"TerletskyiMisha","#AstrnToken pre-registration has started. Join now and get your free 300 tokens. \nhttps://t.co/nB307aWW2I Share youâ€¦ https://t.co/Lls8Q2mAG9",ETH,597.87,BTC,8177.75
Sat Mar 17 05:53:09 2018,"PANKAJK12648018","RT @RajeevK35842714: à¤®à¤¾à¤¨à¤¨à¥€à¤¯ à¤®à¥à¤–à¥à¤¯à¤®à¤‚à¤¤à¥à¤°à¥€ à¤œà¥€ à¤¸à¥à¤ªà¥à¤°à¥€à¤® à¤•à¥‹à¤°à¥à¤Ÿ à¤•à¥‡ à¤†à¤¦à¥‡à¤¶ à¤®à¥‡à¤‚ à¤¬à¥‡à¤¸à¤¿à¤• à¤¶à¤¿à¤•à¥à¤·à¤¾ à¤®à¥‡à¤‚ à¤¸à¤¹à¤¾à¤¯à¤• à¤…à¤§à¥à¤¯à¤¾à¤ªà¤• à¤•à¥€ à¤¯à¥‹à¤—à¥à¤¯à¤¤à¤¾ #à¤¸à¥à¤¨à¤¾à¤¤à¤• BTC #TET à¤‰à¤¤à¥à¤¤à¥€à¤°à¥à¤£ à¤¹à¥ˆâ€¦",ETH,597.87,BTC,8177.75
Sat Mar 17 05:53:09 2018,"tradefixbtc","Here is an interview with TimeBox CEO Alex Chang, by Top ICO Expert Simon Cocking #TimeBox @SimonCockingâ€¦ https://t.co/vKiuMCdmUP",ETH,597.87,BTC,8177.75
Sat Mar 17 05:53:10 2018,"lamantia1780","RT @BinanceGive_bot: @Bitcoin https://t.co/zibAo2TQGt",ETH,597.87,BTC,8177.75
Sat Mar 17 05:53:11 2018,"cryptogirls_","Victims of the theft of XRB will be compensated with new tokens Bitgrail Shares (BGS) | CriptoNews -&gt;â€¦ https://t.co/9FY1mncVfm",ETH,597.87,BTC,8177.75
Sat Mar 17 05:53:12 2018,"deafeningbusy","RT @MsxNetwork: AIRDROP! 80% free distribution!\n\nPHASE I for #AION Token Holder \nPHASE II for #ICX Token Holder \nPHASE III for #ELF Token Hâ€¦",ETH,597.87,BTC,8177.75
Sat Mar 17 05:53:13 2018,"phonebanter","RT @DigipharmTeam: Want To Know Yourself Better? Blockchain Can Help https://t.co/QSyVV9BQGP #BlockChain #Crypto #CryptoCurrencies #Cryptorâ€¦",ETH,597.87,BTC,8177.75
Sat Mar 17 05:53:13 2018,"donreiy","Join thus thug airdrop form friends and follow fork delta.\n\n@adekayo @noordean_G @Ayomayowa247 @Uzzycrypt @rayboboâ€¦ https://t.co/VbDeevKiXh",ETH,597.87,BTC,8177.75
Sat Mar 17 05:53:14 2018,"aabdulla444","RT @bulletin_today: Crazy Bitcoin facts you should know\n#bitcoin #cryptocurrency #mining #cryptohosting https://t.co/JSm4EoLSDn",ETH,597.87,BTC,8177.75
Sat Mar 17 05:53:15 2018,"SalmanMuskan786","@worldopoly @LikeappA @Strange_Vii @omarqayaad @BarakaE69781618 \n#thugcoin #airdrop #bounty #ethereum #blockchainâ€¦ https://t.co/tntRa3gpXx",ETH,597.87,BTC,8177.75
Sat Mar 17 05:53:16 2018,"paik_akash","RT @ndhunay: ** Crypto FAQ **\n\n1. What is #BTC price?\n-- Who cares\n\n2. Does the price matter?\n-- Nope\n\n3. What is going to happen?\n-- It wiâ€¦",ETH,597.87,BTC,8177.75
Sat Mar 17 05:53:16 2018,"Ruffrider56","RT @cryptopedians: Saturday .1 $btc giveaway!!! 24 hour ... \n\nTo be eligible, all you have to do is to retweet, like, and follow \n\n$ltc $etâ€¦",ETH,597.87,BTC,8177.75
Sat Mar 17 05:53:17 2018,"kroshval","Join the epic #LitecoinCash giveaway in just a few clicks! Thank you @LitecoinFork! #Litecoin #Cryptocurrencyâ€¦ https://t.co/fB8AbehN3a",ETH,597.87,BTC,8177.75
Sat Mar 17 05:53:18 2018,"Taslima1993","RT @ndhunay: ** Crypto FAQ **\n\n1. What is #BTC price?\n-- Who cares\n\n2. Does the price matter?\n-- Nope\n\n3. What is going to happen?\n-- It wiâ€¦",ETH,597.87,BTC,8177.75
Sat Mar 17 05:53:19 2018,"UhMZEbvKsHiZIa0","RT @cryptonewss3: @Bitcoin @steam_games 10/03/2018: BINANCE GIVEAWAY OF 10,000 Ethereum (~7300000$ now)\n\nhttps://t.co/LpFnrFDHKu",ETH,597.86,BTC,8175.18
Sat Mar 17 05:53:19 2018,"cryptocointweet","RT @Cointelegraph: Is the death cross on the horizon? ğŸ¤” https://t.co/z5GVv5LIoR",ETH,597.86,BTC,8175.18
Sat Mar 17 05:53:20 2018,"47dstarz","#SPOnsoredtweet https://t.co/IVtNPOkUPd",ETH,597.86,BTC,8175.18
Sat Mar 17 05:53:21 2018,"DpTripathi9","RT @MuktaRawat2: à¤…à¤¨à¥à¤ªà¤®à¤¾ à¤®à¥ˆà¤® à¤à¤• à¤¬à¤¾à¤¤ à¤¬à¤¤à¤¾à¤‡à¤¯à¥‡ à¤¹à¤® #à¤¶à¤¿à¤•à¥à¤·à¤¾à¤®à¤¿à¤¤à¥à¤°à¥‹à¤‚ à¤•à¥‡ à¤²à¤¿à¤à¤†à¤ªà¤•à¥‡ à¤®à¤¨ à¤®à¥‡à¤‚ à¤œà¤°à¤¾ à¤­à¥€ à¤¦à¤¯à¤¾ à¤¨à¤¹à¥€ à¤¹à¥ˆbtcà¤µà¤¾à¤²à¥‹ à¤¨à¥‡ à¤¸à¤°à¤•à¤¾à¤° à¤•à¥‡ à¤–à¤¿à¤²à¤¾à¤« à¤§à¤°à¤¨à¤¾ à¤¦à¤¿à¤¯à¤¾à¤”à¤°à¤†à¤ª à¤¤à¥à¤°â€¦",ETH,597.86,BTC,8175.18
Sat Mar 17 05:53:22 2018,"Anis01729","RT @HorizonCoin: Great to join a #bitcoin #meetup group in #Detroit and talk about Horizon and cryptocurrency!\n\n#ico #cryptocurrency #etherâ€¦",ETH,597.86,BTC,8175.18
Sat Mar 17 05:53:23 2018,"MarcjII","RT @GymRewards: Buy #GYMRewards Tokens, Bonus Time is ending! https://t.co/HDvhoZrz2J, #ICO #cryptocurrency #mobile #app #mining #exercisinâ€¦",ETH,597.86,BTC,8175.18
Sat Mar 17 05:53:23 2018,"orachel1219","RT @PhilakoneCrypto: Live stream steemit blog. Tons of useful information, especially on how to elliot wave count, with different paths, anâ€¦",ETH,597.86,BTC,8175.18
Sat Mar 17 05:53:24 2018,"laurapedia","Bitcoin alles, was Sie Ã¼ber die virtuelle WÃ¤hrung die neuesten Nachrichten aus dem Computer und Industrie-PC-Einzelâ€¦ https://t.co/Hp5e8CgFy1",ETH,597.86,BTC,8175.18
Sat Mar 17 05:53:25 2018,"laurapedia","Also, wie funktioniert es? Bitcoin ist eine digitale WÃ¤hrung, die ein dezentrales Peer-to-Peer-Netzwerk an Bezahlsyâ€¦ https://t.co/jqPpnAvkHS",ETH,597.86,BTC,8175.18
Sat Mar 17 05:53:26 2018,"DjPontijos","RT @Mrl_io: Marcelo ICO Weekend Bonuses:\n50%: 0.1ETH or less\n75%: &lt; 0.5 ETH \n120%: &lt; 1ETH \n235%: &lt; 2-5 ETH \n440%: &lt; 10 ETH\n545%: &lt; 20 ETHâ€¦",ETH,597.86,BTC,8175.18
Sat Mar 17 05:53:26 2018,"Justin_Dart","If you don't know what Bitcoin is? My site will help you get started on what is Bitcoin all the way to how do I makâ€¦ https://t.co/4BqxhgKhfN",ETH,597.86,BTC,8175.18
Sat Mar 17 05:53:27 2018,"henak2020","RT @official_xiaomi: Airdrop 500 people :\nâœ”ï¸ Like and follow \nâœ”ï¸ Retweet. Tag 5 your friends \nâœ”ï¸ Comment your ETH address \n#airdrop #bountyâ€¦",ETH,597.86,BTC,8175.18
Sat Mar 17 05:53:28 2018,"rickle_rick","#crypto #memes #cat #bitcoin\nĞ¢Ğ²Ğ¾Ğ¸ ÑĞ¼Ğ¾Ñ†Ğ¸Ğ¸, ĞºĞ¾Ğ³Ğ´Ğ° Ñ€ĞµÑˆĞ¸Ğ» Ñ‡ÑƒÑ‚Ğ¾Ğº Ğ¿Ğ¾ÑÑ‘Ñ€Ñ„Ğ¸Ñ‚ÑŒ Ğ½Ğ° Ñ‚ĞµĞ¼Ñƒ ĞºÑ€Ğ¸Ğ¿Ñ‚Ñ‹: https://t.co/Z8olSTK29Y",ETH,597.86,BTC,8175.18
Sat Mar 17 05:53:29 2018,"StockTraderCan","Watch I Just Bought A Lamborghini With Bitcoin â€“ CryptocurrencyÂ Wiki https://t.co/oo29PaZNN0 https://t.co/9dViaMKNrC",ETH,597.65,BTC,8182.82
Sat Mar 17 05:53:30 2018,"hsedynamic","RT @CTKrypt: Heck of a Zoom Meeting tonight! @Lindaproject #lindacoin drops masternodes from 30 million to 2 million on March 31st. The teaâ€¦",ETH,597.65,BTC,8182.82
Sat Mar 17 05:53:31 2018,"BTCcheck","coincheckå–å¼•æ‰€ã§ã®ä¾¡æ ¼ã¯ 873098å††/BTCã§ã™ã€‚çŸ­æ™‚é–“ã®çµ±è¨ˆã§ã¯ä¸‹ãŒã£ã¦ã„ã‚‹ã‚ˆã†ã«è¦‹ãˆã¾ã™ã€‚è©³ã—ãã¯ https://t.co/YJ0LPqEup8",ETH,597.65,BTC,8182.82
Sat Mar 17 05:53:32 2018,"AlexandrKining","#GRAB Token \nOur goal is to share airdrops with you, your friends and many others, so new projects will get the chaâ€¦ https://t.co/KjDsTQSgDU",ETH,597.65,BTC,8182.82
Sat Mar 17 05:53:33 2018,"crypto_mask","RT @inagoflyer: ãƒ“ãƒƒãƒˆã‚³ã‚¤ãƒ³ç›¸å ´ã€€2018/03/17 14:31 JST\nç¾åœ¨8173ãƒ‰ãƒ« ( 86.6ä¸‡å†† )\n\nãƒ‡ãƒƒãƒ‰ã‚¯ãƒ­ã‚¹ã™ã‚‹ã‹ãƒ»ã—ãªã„ã®ã‹â‰ï¸ã¨\n1é€±é–“è¶³ã§äºˆæƒ³ã™ã‚‹äººå¢—ãˆã¦ãã¦ã‚Šã‚…ğŸ§\n\nãƒ‡ãƒƒãƒ‰ã‚¯ãƒ­ã‚¹ã—ãªã‹ã£ãŸã‚‰æ€¥æ¿€ãªåç™ºä¸Šã’ã‚ã‚‹ã®ã§å…ˆèµ°ã‚Šã‚·ãƒ§ãƒ¼ãƒˆï½ºï¾œï½°â€¦",ETH,597.65,BTC,8182.82
Sat Mar 17 05:53:33 2018,"_Forex_2017","Insta#Forex â€“ Best Fixed Spread and High Leverage #Forex #Bitcoin #Broker https://t.co/Otuiw0iwoM https://t.co/jlDOx4aYNU",ETH,597.65,BTC,8182.82
Sat Mar 17 05:53:34 2018,"JhenielNecdet","Bitcoin: Fact, Fiction and Future. Comprehensive Introduction to Bitcoin. Mining, Buying Bitcoin, Bitcoin for Businâ€¦ https://t.co/fhjHofG01d",ETH,597.65,BTC,8182.82
Sat Mar 17 05:53:35 2018,"runner_2049","ã€ä»®æƒ³é€šè²¨ãƒ©ãƒ³ãƒŠãƒ¼2049ã€‘ ã€BTCã€‘2500å††ã‹ã‚‰100ä¸‡ã«ã£ã¦å‰ã«å ±å‘Šã—ã¦äººè¦šãˆã¦ã‚‹ï¼Ÿï¼ https://t.co/Gke9TIfCja",ETH,597.65,BTC,8182.82
Sat Mar 17 05:53:36 2018,"runner_2049","ã€ä»®æƒ³é€šè²¨ãƒ©ãƒ³ãƒŠãƒ¼2049ã€‘ ã€BTCã€‘ã“ã®ããŸã­ãˆãƒãƒ£ãƒ¼ãƒˆãƒ†ã‚¯ãƒ‹ã‚«ãƒ«ã§èª¬æ˜ã§ãã‚‹ã‚„ã¤ãŠã‚‹ï¼Ÿ https://t.co/xMiw67Vchu",ETH,597.65,BTC,8182.82
Sat Mar 17 05:53:36 2018,"jurikarta","RT @official_xiaomi: Airdrop 500 people :\nâœ”ï¸ Like and follow \nâœ”ï¸ Retweet. Tag 5 your friends \nâœ”ï¸ Comment your ETH address \n#airdrop #bountyâ€¦",ETH,597.65,BTC,8182.82
Sat Mar 17 05:53:37 2018,"runner_2049","ã€ä»®æƒ³é€šè²¨ãƒ©ãƒ³ãƒŠãƒ¼2049ã€‘ ã€BTCã€‘å…¥é‡‘åˆæ—¥ã«ã‚¹ãƒˆãƒƒãƒ—è²«é€šã§5ä¸‡ã¶ã£é£›ã‚“ã  https://t.co/BJiQQ82k4d",ETH,597.65,BTC,8182.82
Sat Mar 17 05:53:38 2018,"runner_2049","ã€ä»®æƒ³é€šè²¨ãƒ©ãƒ³ãƒŠãƒ¼2049ã€‘ ã€Rippleã€‘ä»Šæ—¥ã®BTCã®å‹•ãå¤‰ãˆã•ã›ã¦ã‚‚ã‚‰ã£ãŸå…†ãƒˆãƒ¬ã§ã™ã€‚ https://t.co/j6FuDuZyyd",ETH,597.65,BTC,8182.82
Sat Mar 17 05:53:39 2018,"ekenenwakalo","RT @official_xiaomi: Airdrop 500 people :\nâœ”ï¸ Like and follow \nâœ”ï¸ Retweet. Tag 5 your friends \nâœ”ï¸ Comment your ETH address \n#airdrop #bountyâ€¦",ETH,597.65,BTC,8182.82
Sat Mar 17 05:53:39 2018,"zinlook2005","RT @ndhunay: ** Crypto FAQ **\n\n1. What is #BTC price?\n-- Who cares\n\n2. Does the price matter?\n-- Nope\n\n3. What is going to happen?\n-- It wiâ€¦",ETH,597.65,BTC,8182.82
Sat Mar 17 05:53:40 2018,"runner_2049","ã€ä»®æƒ³é€šè²¨ãƒ©ãƒ³ãƒŠãƒ¼2049ã€‘ ã€BTCã€‘ãƒ¯ã‚¤ã€å¤¢è¦‹ã¦å§‹ã‚ãŸä»®æƒ³é€šè²¨ã«äººç”Ÿã‚ã¡ã‚ƒãã¡ã‚ƒã«ã•ã‚ŒãŸæ¨¡æ§˜ww https://t.co/tPe4JUswUY",ETH,597.65,BTC,8185.32
Sat Mar 17 05:53:41 2018,"do_white_10","RT @bokujyuumai: æ‚²å ±ï¼šã‚¢ãƒ«ãƒˆã‚³ã‚¤ãƒ³æœ€å¤§æ‰‹ã®BittrexãŒ3æœˆ30æ—¥ã‚’æŒã£ã¦82ç¨®é¡ã®ä»®æƒ³é€šè²¨ã‚’ä¸Šå ´å»ƒæ­¢ã—ã€ã‚¦ã‚©ãƒ¬ãƒƒãƒˆã‚µãƒãƒ¼ãƒˆçµ‚äº†ã€‚ä¸Šè¨˜æ—¥ä»˜ã¾ã§ã«å¯¾è±¡ã®ä»®æƒ³é€šè²¨ã‚’å¼•ãå‡ºã•ãªã„å ´åˆã¯ä»Šå¾Œå¼•ãå‡ºã›ãªããªã‚‹ã®ã§æ³¨æ„ã€€#ãƒ“ãƒƒãƒˆã‚³ã‚¤ãƒ³ #Bitcoin #ä»®æƒ³é€šè²¨ #ãƒ–â€¦",ETH,597.65,BTC,8185.32
Sat Mar 17 05:53:42 2018,"runner_2049","ã€ä»®æƒ³é€šè²¨ãƒ©ãƒ³ãƒŠãƒ¼2049ã€‘ ã€BTCã€‘ã¨ã‚Šã‚ãˆãš895500ãƒ•ãƒ«ãƒ¬ãƒså–ã‚ŒãŸã‹ã‚‰å¯ã‚‹ã‚ãŠã‚„ã™ã¿ https://t.co/KvFQaeTMmJ",ETH,597.65,BTC,8185.32
Sat Mar 17 05:53:43 2018,"btc_update","Thereâ€™s a Bitcoin Scam Going Around. Hereâ€™s How to Protect Yourself https://t.co/pfSgEMCSQw #bitcoin #ethereum #btc #crypto #blockchain",ETH,597.65,BTC,8185.32
Sat Mar 17 05:53:43 2018,"StasStas22","@ICOTOP_Rating\n@sumonrana748  \n@omolade999\n@CryptoTrip  \n@usawa0  \n#THUG #forkdelta #airdrop #bounty #eth #btc #adaâ€¦ https://t.co/rErRq4sqbq",ETH,597.65,BTC,8185.32
Sat Mar 17 05:53:44 2018,"CryptoManiac81","ğŸ‰ 20$ for free registering to Binance ğŸ‰\n\n0.1% trading fee and no fee for deposit!\n\nGet BONUS here:â€¦ https://t.co/bHm2jGskvo",ETH,597.65,BTC,8185.32
Sat Mar 17 05:53:45 2018,"SavitaR27177935","RT @Y98q3iB80Mpo1lU: à¤®à¤¾à¤¨à¤¯à¤µà¤° à¤¯à¥‚à¤ªà¥€ à¤®à¥‡ à¤¶à¤¿à¤•à¥à¤·à¤¾à¤®à¤¿à¤¤à¥à¤° à¤•à¥€ à¤œà¤¿à¤¨à¥à¤¦à¤—à¥€ à¤‡à¤¨à¥à¤¸à¤¾à¤¨ à¤•à¥€ à¤¤à¤°à¤¹ à¤¨à¤¹à¥€ à¤¶à¤¾à¤¸à¤¨ à¤¨à¥‡ à¤¡à¤¿à¤¸à¥à¤ªà¥‹à¤œà¤² à¤¸à¤®à¤¾à¤¨ à¤•à¥€ à¤¤à¤°à¤¹ à¤¬à¤¨à¤¾ à¤¦à¥€ à¤¹à¥ˆ à¤•à¤¿ à¤¯à¥‚à¤œ à¤à¤£à¥à¤¡ à¤¥à¥à¤°à¥‹à¥¤à¤ªà¥‚à¤°à¤¾â€¦",ETH,597.65,BTC,8185.32
Sat Mar 17 05:53:46 2018,"natcharala","RT @GymRewards: Buy #GYMRewards Tokens, Bonus Time is ending! https://t.co/HDvhoZrz2J, #ICO #cryptocurrency #mobile #app #mining #exercisinâ€¦",ETH,597.65,BTC,8185.32
Sat Mar 17 05:53:46 2018,"teamkiemtien","#GRAB Token \n    Our goal is to share airdrops with you, your friends and many others, so new projects will get theâ€¦ https://t.co/NaLooO6wD8",ETH,597.65,BTC,8185.32
Sat Mar 17 05:53:47 2018,"LeoVroegindewey","This Investment Could Crush Bitcoin https://t.co/teY2STf5KS https://t.co/uXBwiXN1ue",ETH,597.65,BTC,8185.32
Sat Mar 17 05:53:48 2018,"ahacdusen1970","RT @StaniKulechov: Tip about collateral calling in #ETHLend. Borrower, if you get burned by the collateral call, which means that your tokeâ€¦",ETH,597.65,BTC,8185.32
Sat Mar 17 05:53:49 2018,"TerletskyiMisha","RT @TokenAstrn: #AstrnToken pre-registration has started. Join now and get your free 300 tokens. \nhttps://t.co/A0JmdoWtRF Share your ref liâ€¦",ETH,597.65,BTC,8185.32
Sat Mar 17 05:53:49 2018,"CTUoVFZOrX7CyE9","â£â£â£RSKâ£â£â£\næ³¨å†Œå¾—30ï¼Œé‚€è¯·15\nç©ºæŠ•é“¾æ¥ï¼š\nâœ³ï¸https://t.co/xgLS4a7XUm\nè¾“å…¥é‚®ç®±ï¼ŒETHåœ°å€https://t.co/xgLS4a7XUm https://t.co/4hz1xX2edo",ETH,597.65,BTC,8185.32
Sat Mar 17 05:53:50 2018,"JimohAkomolafe","RT @Mylion_token: 5,000,000 MLAT TOKEN AIRDROP \n1. Follow \n2. Like \n3. Retweet \n4. Comment your ETH address \nTotal supply : 80,000,000 \nSymâ€¦",ETH,598.1,BTC,8186.83
Sat Mar 17 05:53:51 2018,"kyliemitchell63","Copy successful traders automatically with Bitcoin! ğŸ’°ğŸ’°\n\nI copy ""Dividend667"". Do you?\n\nâ¡ï¸ https://t.co/tSTJj5IKN5â€¦ https://t.co/fEmGqazeO8",ETH,598.1,BTC,8186.83
Sat Mar 17 05:53:52 2018,"Neccoo","RT @official_xiaomi: Airdrop 500 people :\nâœ”ï¸ Like and follow \nâœ”ï¸ Retweet. Tag 5 your friends \nâœ”ï¸ Comment your ETH address \n#airdrop #bountyâ€¦",ETH,598.1,BTC,8186.83
Sat Mar 17 05:53:52 2018,"LesiaCho","@Skyllz_platform #Crypto #Blockchain  #Skyllz   #SDP #ethereum #bitcoin  #Futureofeducation  #theskyllzisthelimitâ€¦ https://t.co/v09FNVZjJQ",ETH,598.1,BTC,8186.83
Sat Mar 17 05:53:53 2018,"ilyapopov3008","Just received 50 ETHEREUM :DD Best day of my life!! \n\nhttps://t.co/6xBYKzPIGV\n\n$btc $eth $ltc $xrp $xmr $ada $bchâ€¦ https://t.co/D7wJwYCRkm",ETH,598.1,BTC,8186.83
Sat Mar 17 05:53:54 2018,"roguepoor","RT @CryptoInvest18: Altcoin with the best idea behind it? If other comment! Vote and Retweet! #crypto #cryptocurrency #bitcoin #btc #nem #xâ€¦",ETH,598.1,BTC,8186.83
Sat Mar 17 05:53:55 2018,"tiff_tiff26","Woooow. Crazy dude. Not surprised though https://t.co/NLMKf8nwRs",ETH,598.1,BTC,8186.83
Sat Mar 17 05:53:56 2018,"Emprex_B","Earn bitcoin on a daily basis!\n\n1. Follow @slidecoin \n2. Complete instructions in pinned tweet",ETH,598.1,BTC,8186.83
Sat Mar 17 05:53:56 2018,"monojet1","Awesome Project https://t.co/W5bzs5BAko",ETH,598.1,BTC,8186.83
Sat Mar 17 05:53:57 2018,"bumbay08","@raysiiing @kyramoniq @TakeruTakeuchi @TakemasaTakuya @april_rose141 #thugcoin #airdrop #bounty #ethereumâ€¦ https://t.co/waO9SOqlyE",ETH,598.1,BTC,8186.83
Sat Mar 17 05:53:58 2018,"jasonkirbi","#WorldWifi https://t.co/ZEi002PZ3U",ETH,598.1,BTC,8186.83
Sat Mar 17 05:53:59 2018,"af74469257","RT @bethereumteam: Have you already registered on our pre-sale website? In our private presale the minimum contribution is 25 ETH, hower ouâ€¦",ETH,598.1,BTC,8186.83
Sat Mar 17 05:53:59 2018,"nem_xem_bot","XEM-JPYãŒï¼10ï¼…ã«åˆ°é”ã€‚ä¸‹è½ä¸­ã€‚\nç¾åœ¨ã®ä¾¡æ ¼\nã€Œ0.00003743(-6.43) xem-btcã€\nã€Œ32.4000(-10.00) xem-jpyã€\n\nâ‡’https://t.co/E45ViLj7Yv\n\n#XEMâ€¦ https://t.co/tpmGaLYDi8",ETH,598.1,BTC,8186.83
Sat Mar 17 05:54:00 2018,"pablogrossi","Professor, whatâ€™s another name for pirate treasure? Iâ€™d say Americans lack booty ğŸ’° They donâ€™t save cash money and câ€¦ https://t.co/3lOXBUGspv",ETH,598.1,BTC,8186.83
Sat Mar 17 05:54:01 2018,"cryptostfudave","go fight a school of piranha fish if your so punk while I short bitcoin https://t.co/t3cbSkDb6F",ETH,598.46,BTC,8187.12
Sat Mar 17 05:54:02 2018,"TV_TradingIdeas","U.S.A-800-7164-786 Bitcoin Support Number $LAND https://t.co/Dj43NCz5Co",ETH,598.46,BTC,8187.12
Sat Mar 17 05:54:02 2018,"riyadisanv","Good News! Through Goldiambox Wallet, the user will be rewarded on holding his asset (Gold, Diamond(s), or Goldiamâ€¦ https://t.co/w565JE11LD",ETH,598.46,BTC,8187.12
Sat Mar 17 05:54:03 2018,"47dstarz","#sponsoredtweet https://t.co/WXrvCjiuqm",ETH,598.46,BTC,8187.12
Sat Mar 17 05:54:04 2018,"ruritansokani","RT @MidexInfo: ICO Midex is officially started. Midex already collected $4 900 000 on closed pre-sale. Token price is $1. It will raise durâ€¦",ETH,598.46,BTC,8187.12
Sat Mar 17 05:54:05 2018,"BTCSloth","Block: 513896 \nSize: 25.53 kb \nFee: 6.96$/kb \nPrice: 8210.07$ | 51982.88Â¥ \n#Bitcoin $BTC #BTC $XBT #XBT #Blockchainâ€¦ https://t.co/QdgT80GucQ",ETH,598.46,BTC,8187.12
Sat Mar 17 05:54:05 2018,"panda_poo22","RT @BitschoolAI: Just Three days to go till the ICO starts get whitelisted now #bitschool https://t.co/IxnBgsDIp7",ETH,598.46,BTC,8187.12
Sat Mar 17 05:54:07 2018,"Sonu8545081335","@RajPratapSingh à¤¸à¤° à¤•à¤¿à¤¤à¤¨à¤¾ à¤ªà¤°à¥€à¤•à¥à¤·à¤¾ à¤•à¤°à¤¾à¤¯à¥‡à¤‚à¤—à¥‡ BTC à¤ªà¤¾à¤¸ à¤•à¤¿à¤¯à¥‡ tet à¤ªà¤¾à¤¸ à¤•à¤¿à¤¯à¥‡ à¤…à¤¬ à¤ªà¤°à¥€à¤•à¥à¤·à¤¾ à¤•à¥€ à¤•à¥‹à¤ˆ à¤†à¤µà¤¶à¥à¤¯à¤•à¤¤à¤¾ à¤¨à¤¹à¥€ à¤¹à¥ˆ  à¤…à¤¬ à¤œà¥‹ à¤ªà¤°à¥€à¤•à¥â€¦ https://t.co/F4gauAm6yJ",ETH,598.46,BTC,8187.12
Sat Mar 17 05:54:08 2018,"Cenu123","#thugcoin #airdrop #bounty #ethereum #blockchain #bitcoin #cryptocurrency #crypto #altcoin #BTC #ETH #LTC #XVG #TRXâ€¦ https://t.co/ONLtSD2Fse",ETH,598.46,BTC,8187.12
Sat Mar 17 05:54:09 2018,"HHUcaAIH6iw1QyH","RT @Shiki_Shikicoin: Centbeeã¯ã€BitcoinCashã‚’ã‚¤ãƒ³ãƒ•ãƒ©ã‚¹ãƒˆãƒ©ã‚¯ãƒãƒ£ã¨ã—ã¦ä½¿ç”¨ã™ã‚‹ãŸã‚ã€ãƒ¦ãƒ¼ã‚¶ãƒ¼ã¯å›½å¢ƒã‚’ã¾ãŸã„ã æ”¯æ‰•ã„ã‚’å®‰å…¨ã‹ã¤å®‰ä¾¡ã«è¡Œã†ã“ã¨ãŒã§ãã¾ã™ã€‚ â­ï¸â­ï¸â­ï¸â­ï¸â­ï¸#BitcoinCash #Bitcoin #Cash\n\n#æ±‚ã‚€Bâ€¦",ETH,598.46,BTC,8187.12
Sat Mar 17 05:54:09 2018,"twatter5031","Get Free Bitcoin        https://t.co/LwnIfOL3Ip",ETH,598.46,BTC,8187.12
Sat Mar 17 05:54:10 2018,"LesiaCho","always support this great program @Skyllz_platform\n#Crypto #Blockchain #Skyllz #SDP #ethereum #bitcoinâ€¦ https://t.co/LJaoHoznIu",ETH,598.46,BTC,8187.12
Sat Mar 17 05:54:11 2018,"nakib_nakib","RT @THUGCOIN: Our official @THUGCOIN Twitter #Airdrop ROUND 4 is live NOW!\nLet's celebrate the official listing of #THUG on @ForkDelta!\n\nCoâ€¦",ETH,598.49,BTC,8187.11
Sat Mar 17 05:54:12 2018,"adi_sudaryasa","RT @PlanetZiggurat: Ecex Exchange ICO https://t.co/KGn0Md6BhX\nCurrent ETH price: 487.65 EUR, for 0.1 ETH you will get at least 487.65 ZIG tâ€¦",ETH,598.49,BTC,8187.11
Sat Mar 17 05:54:13 2018,"NurNfaiza2020","RT @ndhunay: ** Crypto FAQ **\n\n1. What is #BTC price?\n-- Who cares\n\n2. Does the price matter?\n-- Nope\n\n3. What is going to happen?\n-- It wiâ€¦",ETH,598.49,BTC,8187.11
Sat Mar 17 05:54:13 2018,"CryptoLennon","RT @alphatrends: VIDEO https://t.co/PzGynoosM6 Stock Market, Bitcoin and Gold Analysis 3/16/18 $SPY $QQQ $IWM $SMH $IBB $BTC.X https://t.coâ€¦",ETH,598.49,BTC,8187.11
Sat Mar 17 05:54:14 2018,"whoschrishughes","Install CryptoTab and mine Bitcoin right from your browser! https://t.co/5t9wXPrQnx",ETH,598.49,BTC,8187.11
Sat Mar 17 05:54:15 2018,"Abhi_Harsh12","RT @swachhcoin: Our telegram channel is added to Telegram Directory.\nSwachhcoin - Telegram Channel Details, Rating and Reviews - Telegram Dâ€¦",ETH,598.49,BTC,8187.11
Sat Mar 17 05:54:16 2018,"brokendremz","RT @GymRewards: Join the GYM Rewards Beta @ https://t.co/PmWCZISLYL â€¦ â€¦ #GYMRewards, #ICO #cryptocurrency #mobile #app #mining #exercisingâ€¦",ETH,598.49,BTC,8187.11
Sat Mar 17 05:54:16 2018,"letibia80","RT @GymRewards: Buy #GYMRewards Tokens, Bonus Time is ending! https://t.co/HDvhoZrz2J, #ICO #cryptocurrency #mobile #app #mining #exercisinâ€¦",ETH,598.49,BTC,8187.11
Sat Mar 17 05:54:17 2018,"PalotaiZoltan","RT @AltOne_Crypto: $BTC - Lesson time for the new people who want to be traders.\n\nAlso for you silly people that wanted a $1500 drop in a fâ€¦",ETH,598.49,BTC,8187.11
Sat Mar 17 05:54:18 2018,"MixedVideo","Very good project \n\n#thugcoin #airdrop #bounty #ethereum #blockchain #bitcoin #cryptocurrency #crypto #altcoin #BTCâ€¦ https://t.co/x74X5Mz1bF",ETH,598.49,BTC,8187.11
Sat Mar 17 05:54:19 2018,"EdrineIvan","Earn bitcoin on a daily basis!\n\n1. Follow @slidecoin \n2. Complete instructions in pinned tweet",ETH,598.49,BTC,8187.11
Sat Mar 17 05:54:19 2018,"AlienBTC","Go to the link above, for more information about what a XYO Network is!! #XYO #geolocation #bitcoin #cryptocurrencyâ€¦ https://t.co/psbxZ71Kxr",ETH,598.49,BTC,8187.11
Sat Mar 17 05:54:20 2018,"X4AXXn512pymDRE","#AmonCard #ICO #TokenSale #CryptoCard https://t.co/XNb7OTST5u",ETH,598.49,BTC,8187.11
Sat Mar 17 05:54:21 2018,"naturtrip","RT @VCOE_AT: #ETH-Professor Gunzinger: ""25% Autofahrten brauchen 76% der VerkehrsflÃ¤che. (...) #ZÃ¼rich kann nur wachsen, wenn weniger Autosâ€¦",ETH,598.49,BTC,8185.48
Sat Mar 17 05:54:22 2018,"Ba1221","Three Drives Reversal in $BTC is in play right now.. https://t.co/qsxsZgaPq9",ETH,598.49,BTC,8185.48
Sat Mar 17 05:54:23 2018,"vikasch38695761","RT @lalta_: @drdineshbjp https://t.co/muSUBejaiL",ETH,598.49,BTC,8185.48
Sat Mar 17 05:54:23 2018,"chloehart556s","Copy successful traders automatically with Bitcoin! ğŸ’°ğŸ’°\n\nI copy ""Dividend667"". Do you?\n\nâ¡ï¸ https://t.co/RsOHQFoPGdâ€¦ https://t.co/eFlRiJU9r9",ETH,598.49,BTC,8185.48
Sat Mar 17 05:54:24 2018,"adi_sudaryasa","RT @PlanetZiggurat: Ecex Exchange ICO https://t.co/KGn0Md6BhX\nCurrent ETH price: 491.11 EUR, for 0.1 ETH you will get at least 491.11 ZIG tâ€¦",ETH,598.49,BTC,8185.48
Sat Mar 17 05:54:25 2018,"adi_sudaryasa","RT @PlanetZiggurat: Ecex Exchange ICO https://t.co/KGn0Md6BhX\nCurrent ETH price: 484.33 EUR, for 0.1 ETH you will get at least 484.33 ZIG tâ€¦",ETH,598.49,BTC,8185.48
Sat Mar 17 05:54:26 2018,"necolife","RT @realmehdigreen: @AltOne_Crypto #BTCUSD #Bitcoin #btc\n1) Breakout of  RISING WEDGE the bears take over the bulls. First battle win but nâ€¦",ETH,598.49,BTC,8185.48
Sat Mar 17 05:54:26 2018,"Paragon10000","#victors10000 #red #etherium #Ğ±Ğ¸Ñ‚ĞºĞ¾Ğ¸Ğ½ #bitcoin #ĞºÑ€Ğ¸Ğ¿Ñ‚Ğ¾Ğ²Ğ°Ğ»ÑÑ‚Ğ° #Ğ¼Ğ°Ğ¹Ğ½Ğ¸Ğ½Ğ³ #Ğ´ĞµĞ½ÑŒĞ³Ğ¸... https://t.co/NLCwFGmXgw",ETH,598.49,BTC,8185.48
Sat Mar 17 05:54:27 2018,"tipsskaters","RT @CryptoInvest18: Altcoin with the best idea behind it? If other comment! Vote and Retweet! #crypto #cryptocurrency #bitcoin #btc #nem #xâ€¦",ETH,598.49,BTC,8185.48
Sat Mar 17 05:54:28 2018,"AngelozoCSGO","RT @Goose: Now that I'm winning some good $BTC, would you guys like to see a Bitcoin giveaway? ğŸ¤”ğŸ’¸\n\nAnswer below! ğŸ‘‡",ETH,598.49,BTC,8185.48
Sat Mar 17 05:54:29 2018,"vasquezfan2","RT @Blockchainlife: Big day for #Bitcoin, Lightning goes live on mainnet! The Lightning Network enables instant transactions between particâ€¦",ETH,598.49,BTC,8185.48
Sat Mar 17 05:54:30 2018,"20TwentyOne1","RT @Blockchainlife: 5 reasons why  trader Andrew Keene thinks #Bitcoin Will Hit $100,000. \n1. Thereâ€™s plenty of money on the sidelines\n2. Iâ€¦",ETH,598.49,BTC,8185.48
Sat Mar 17 05:54:30 2018,"MaksKaratov","RT @bethereumteam: The Bether #token.\nSimple, #safe, #transparent and socially engaging!\nLearn more: https://t.co/C5UxE6TPGJ\n#crypto #blockâ€¦",ETH,598.49,BTC,8185.48
Sat Mar 17 05:54:31 2018,"ACitizen0","RT @JohnHayman7: @haydentiff @rbrtbrgnjn @warpaul @logankugler @billbarhydt Thanks Tiff, I just learned something new today. :-) \n\nNon-Custâ€¦",ETH,598.49,BTC,8185.48
Sat Mar 17 05:54:32 2018,"Joksymendozaa","RT @THUGCOIN: Our official @THUGCOIN Twitter #Airdrop ROUND 4 is live NOW!\nLet's celebrate the official listing of #THUG on @ForkDelta!\n\nCoâ€¦",ETH,598.41,BTC,8187.11
Sat Mar 17 05:54:32 2018,"LeeVincent78","Earn bitcoin on a daily basis!\n\n1. Follow @slidecoin \n2. Complete instructions in pinned tweet",ETH,598.41,BTC,8187.11
Sat Mar 17 05:54:33 2018,"CryptoAlerts_","$BTC Current Price = $8188.37\n$BTC 24 Hour Average = $8840.30\nMarket is Down $651.93\nPurchase Bitcoin with Cash Appâ€¦ https://t.co/mPaGROvuBL",ETH,598.41,BTC,8187.11
Sat Mar 17 05:54:34 2018,"SUATKAYA1","RT @BillyRayBitcoin: Bitcoin is dead, obviously... https://t.co/YBCDtxoW94",ETH,598.41,BTC,8187.11
Sat Mar 17 05:54:35 2018,"adi_sudaryasa","RT @PlanetZiggurat: Ecex Exchange ICO https://t.co/KGn0Md6BhX\nCurrent ETH price: 498.76 EUR, for 0.1 ETH you will get at least 498.76 ZIG tâ€¦",ETH,598.41,BTC,8187.11
Sat Mar 17 05:54:36 2018,"adi_sudaryasa","RT @PlanetZiggurat: Ecex Exchange ICO https://t.co/KGn0Md6BhX\nCurrent ETH price: 497.97 EUR, for 0.1 ETH you will get at least 497.97 ZIG tâ€¦",ETH,598.41,BTC,8187.11
Sat Mar 17 05:54:36 2018,"tlpayne10","RT @CryptoTaxGirl: They say Bitcoin will never hit $100,000. \n\nThey also said a 16 seed would never beat a number 1 seed.",ETH,598.41,BTC,8187.11
Sat Mar 17 05:54:37 2018,"CryptoAlerts_","$ETH Current Price = $598.89\n$ETH 24 Hour Average = $668.70\nMarket is Down $69.81\nPurchase Bitcoin with Cash App @ https://t.co/JpQoX1ioYJ",ETH,598.41,BTC,8187.11
Sat Mar 17 05:54:38 2018,"I_am_YhemightY","RT @bitcoindrone: Follow us, Retweet, tag 5 friends, paste waves wallet address, Join telegram group to receive free Bitcoin Drone.â€¦",ETH,598.41,BTC,8187.11
Sat Mar 17 05:54:39 2018,"DajayMarife","#thugcoin #airdrop #bounty #ethereum #blockchain #bitcoin #cryptocurrency #crypto #altcoin #BTC #ETH #LTC #XVG #TRXâ€¦ https://t.co/cwwgMInM28",ETH,598.41,BTC,8187.11
Sat Mar 17 05:54:39 2018,"CryptoAlerts_","$ZEC Current Price = $234.86\n$ZEC 24 Hour Average = $279.23\nMarket is Down $44.37\nPurchase Bitcoin with Cash App @ https://t.co/JpQoX1ioYJ",ETH,598.41,BTC,8187.11
Sat Mar 17 05:54:40 2018,"CryptoAlerts_","$LTC Current Price = $160.85\n$LTC 24 Hour Average = $174.73\nMarket is Down $13.88\nPurchase Bitcoin with Cash App @ https://t.co/JpQoX1ioYJ",ETH,598.41,BTC,8187.11
Sat Mar 17 05:54:41 2018,"CryptoSamachar","South Korean prosecutors have searched the offices of three cryptocurrency exchanges suspected of buying bitcoin wiâ€¦ https://t.co/pTi28mncl5",ETH,598.41,BTC,8187.11
Sat Mar 17 05:54:42 2018,"arkawa040","#ether #ethereum #bitcoin #cryptocurrency  #ICO  #tokensale https://t.co/Dn6b0uY3VZ",ETH,598.4,BTC,8185.62
Sat Mar 17 05:54:43 2018,"adi_sudaryasa","RT @PlanetZiggurat: ğŸš€ğŸ”¥Introducing debtors possibility to sell claim against her/himself. ğŸš€ğŸ”¥ https://t.co/VOEUjnISk5 ğŸš€ğŸ”¥ #bitcoin #cryptocurrâ€¦",ETH,598.4,BTC,8185.62
Sat Mar 17 05:54:44 2018,"CaptainScio","RT @Cointelegraph: Lightning Labs nets $2.5 mln funding after â€˜milestoneâ€™ product debut. https://t.co/sqSUNVqjWB",ETH,598.4,BTC,8185.62
Sat Mar 17 05:54:44 2018,"af74469257","RT @bethereumteam: What do you think of the 48-hour statistics of the launch of our Bounty program? It's been a major success and we're humâ€¦",ETH,598.4,BTC,8185.62
Sat Mar 17 05:54:45 2018,"haranadhasai","https://t.co/SN02Ke2d8l\n#thugcoin #airdrop #bounty #ethereum #blockchain #bitcoin #cryptocurrency #crypto #altcoinâ€¦ https://t.co/7j2HrXBv5A",ETH,598.4,BTC,8185.62
Sat Mar 17 05:54:46 2018,"kendallvarin","RT @JonErlichman: Things that didn't exist when JPMorgan bought Bear Stearns this day in 2008:\n\nUber\nInstagram \niPad\nBitcoin \nAirbnb\nSnapchâ€¦",ETH,598.4,BTC,8185.62
Sat Mar 17 05:54:47 2018,"hemant108","RT @DragonCoin: Co-founder of UKâ€™s Coinfloor announces new type of Bitcoin futures launch due in April. #NEWS #Crypto #Current #CRNC #ICO #â€¦",ETH,598.4,BTC,8185.62
Sat Mar 17 05:54:48 2018,"AlienBTC","RT @XYOracleNetwork: Join Scott Scheper, one of the XYO Network founders, at ""Crypto Never Sleeps"" Monday night in San Diego. XYO is the neâ€¦",ETH,598.4,BTC,8185.62
Sat Mar 17 05:54:48 2018,"karinakapor2021","RT @bulletin_today: Crazy Bitcoin facts you should know\n#bitcoin #cryptocurrency #mining #cryptohosting https://t.co/JSm4EoLSDn",ETH,598.4,BTC,8185.62
Sat Mar 17 05:54:49 2018,"idiotbicht","oh boy im about bitcoin can i just caught",ETH,598.4,BTC,8185.62
Sat Mar 17 05:54:50 2018,"adi_sudaryasa","RT @PlanetZiggurat: ğŸš€ğŸ”¥ Dead tokens assignment in our https://t.co/VOEUjnISk5  Trading Platform. ğŸš€ğŸ”¥ #bitcoin #cryptocurrency #blockchain #crâ€¦",ETH,598.4,BTC,8185.62
Sat Mar 17 05:54:51 2018,"svet25077","RT @bethereumteam: Core-team meeting Today. \nWe were discussing the marketing plan and important dates to be released this week! ğŸ“†\n#bethereâ€¦",ETH,598.4,BTC,8185.62
Sat Mar 17 05:54:51 2018,"RoboPirate3d","Price action for $BTC on Bitfinex \n\nIn the last minute:\nBulls bought 0.293371 BTC \nBears sold -57.726132 BTC\nPriceâ€¦ https://t.co/F2Y9WhFLQw",ETH,598.4,BTC,8185.62
Sat Mar 17 05:54:52 2018,"indicrypto","RT @PhilakoneCrypto: Live stream steemit blog. Tons of useful information, especially on how to elliot wave count, with different paths, anâ€¦",ETH,598.4,BTC,8185.16
Sat Mar 17 05:54:53 2018,"nalhost","RT @eCoinomicnet: #Bitcoin price went below $8,000, taking Top 20 altcoins down and #cryptocurrency market capitalization to $310 billion.â€¦",ETH,598.4,BTC,8185.16
Sat Mar 17 05:54:54 2018,"AanchalMalik10","RT @News18India: à¤¸à¥€à¤à¤® à¤¯à¥‹à¤—à¥€ à¤†à¤¦à¤¿à¤¤à¥à¤¯à¤¨à¤¾à¤¥ à¤¨à¥‡ à¤¦à¤¿à¤¯à¤¾ 12, 460 BTC à¤…à¤­à¥à¤¯à¤°à¥à¤¥à¤¿à¤¯à¥‹à¤‚ à¤•à¥‹ à¤œà¤²à¥à¤¦ à¤¨à¤¿à¤¯à¥à¤•à¥à¤¤à¤¿ à¤¦à¥‡à¤¨à¥‡ à¤•à¥‡ à¤¨à¤¿à¤°à¥à¤¦à¥‡à¤¶ @myogiadityanath\nhttps://t.co/tgPiAllâ€¦",ETH,598.4,BTC,8185.16
Sat Mar 17 05:54:55 2018,"cryptonews_us","There's a Bitcoin Scam Going Around. Here's How to Protect Yourself\nhttps://t.co/t5zlpo5yDz",ETH,598.4,BTC,8185.16
Sat Mar 17 05:54:55 2018,"FauziDedy","RT @BoostTM: ğŸš€0.0035 BTC Giveaway is now on!ğŸš€\n\n1- Retweet\n2- Follow\n3- Join: https://t.co/yhABcWNejA\n4- Tag 3 Friends\n\nâ€¢END: 200 RTsâ€¢\n\n#altâ€¦",ETH,598.4,BTC,8185.16
Sat Mar 17 05:54:56 2018,"MixedVideo","Great project \n\n#thugcoin #airdrop #bounty #ethereum #blockchain #bitcoin #cryptocurrency #crypto #altcoin #BTCâ€¦ https://t.co/t07B2XNRos",ETH,598.4,BTC,8185.16
Sat Mar 17 05:54:57 2018,"chiuta2010","RT @crypto40s: VISAã‚‚å¿…è‡³ã ãªã€‚ãƒ—ãƒ©ã‚¹ãƒãƒƒã‚¯ã®ã‚«ãƒ¼ãƒ‰ç™ºè¡Œã™ã‚‹ã ã‘ã§ä¸–ç•Œä¸­ã®åº—èˆ—ã‹ã‚‰10ï¼…å‰å¾Œã®æ‰‹æ•°æ–™ã‚’å–ã‚Œã‚‹ä»•çµ„ã¿ã€å€‹äººã‹ã‚‰ã¯ã‚«ãƒ¼ãƒ‰ã®è‰²å¤‰ãˆã‚‹ã ã‘ã§ã„ãã‚‰ã§ã‚‚æ‰‹æ•°æ–™å–ã‚Œã‚‹ã‚ã‘ã ã‹ã‚‰ã€‚ãƒšãƒ†ãƒ³å¸«ã‹\n\nï¼¶ï½‰ï½“ï½å¹¹éƒ¨ã€ãƒ“ãƒƒãƒˆã‚³ã‚¤ãƒ³ã‚’æ‰¹åˆ¤ã€€ã€Œãƒšãƒ†ãƒ³å¸«ãŒé–¢ã‚ã£ã¦ã„ã‚‹ã€â€¦",ETH,598.4,BTC,8185.16
Sat Mar 17 05:54:58 2018,"ashleywhitetwe1","don't miss out on registering on Binance, before they close registrations again\n\n https://t.co/trnonlBE6x\n\n $BTCâ€¦ https://t.co/17wCYDwwLC",ETH,598.4,BTC,8185.16
Sat Mar 17 05:54:58 2018,"6y8NDB5RAsFD2Z3","This is the best ICO that has been offered recently. The company is just super, I advise everyone to pay attentionâ€¦ https://t.co/lZiIK7YgPD",ETH,598.4,BTC,8185.16
Sat Mar 17 05:54:59 2018,"adi_sudaryasa","RT @PlanetZiggurat: ğŸš€ğŸ”¥https://t.co/VOEUjnISk5 RoadmapğŸš€ğŸ”¥#bitcoin #cryptocurrency #blockchain #crypto #ico #trading #ethereum #currency #ethâ€¦",ETH,598.4,BTC,8185.16
Sat Mar 17 05:55:00 2018,"ollira_ollira","#AstrnToken pre-registration has started. Join now and get your free 300 tokens. \nhttps://t.co/dvkzrnr3s6 Share youâ€¦ https://t.co/CyoMEH0vQz",ETH,598.4,BTC,8185.16
Sat Mar 17 05:55:01 2018,"espumanil","RT @earthtokens: Breaking News - https://t.co/X5oZXzujn3 Digital Currency Exchange hub will list EARTH Token after 15th March 2018 https://â€¦",ETH,598.4,BTC,8185.16
Sat Mar 17 05:55:02 2018,"jec871","RT @LunesPlatform: Buy now here: https://t.co/QkWoxDRV8x\n\n#lunes #ico #preico #cryptocoin #cryptocurrency #bitcoin #blockchain https://t.coâ€¦",ETH,598.4,BTC,8185.16
Sat Mar 17 05:55:02 2018,"kimaredje","RT @GymRewards: Buy #GYMRewards Tokens, Bonus Time is ending! https://t.co/HDvhoZrz2J, #ICO #cryptocurrency #mobile #app #mining #exercisinâ€¦",ETH,598.4,BTC,8185.78
Sat Mar 17 05:55:03 2018,"harunon_system","RT @Coin_RSS: ãƒ–ãƒ­ãƒƒã‚¯ã¡ã‚ƒã‚“ãµã„ãŸ https://t.co/MRk188rW2g",ETH,598.4,BTC,8185.78
Sat Mar 17 05:55:04 2018,"set_kowen","#followme\n #followback \n#followforfollow\n #bitcoin \n#ICO \n#Soma \n#Ñ‡Ğ¸Ñ‚Ğ°Ñ #Ñ‡Ğ¸Ñ‚Ğ°ÑĞ²Ğ·Ğ°Ğ¸Ğ¼Ğ½Ğ¾\n #Ğ²Ğ·Ğ°Ğ¸Ğ¼Ğ½Ğ¾\n #Ğ²Ğ·Ğ°Ğ¸Ğ¼Ğ½Ğ°ÑĞ¿Ğ¾Ğ´Ğ¿Ğ¸ÑĞºĞ°â€¦ https://t.co/0WiCQhKP4d",ETH,598.4,BTC,8185.78
Sat Mar 17 05:55:05 2018,"alexdante","@retroremakes I sold all my etherium to heavily invest in dickcoyne.",ETH,598.4,BTC,8185.78
Sat Mar 17 05:55:05 2018,"AVINASH16022240","Install CryptoTab and mine Bitcoin! https://t.co/uaM9Lfufcj",ETH,598.4,BTC,8185.78
Sat Mar 17 05:55:06 2018,"CryptoMagic78","ğŸ¾ 20$ for free registering to Binance ğŸ¾\n\n0.1% trading Fee and NO Fee for deposit!\n\nLimited-Time Offer:â€¦ https://t.co/hE08sDdlf7",ETH,598.4,BTC,8185.78
Sat Mar 17 05:55:07 2018,"deafeningbusy","RT @MsxNetwork: #AIRDROP NOW OPEN!\n\nPHASE I for #AION Token Holder\n\nhttps://t.co/8Mbvhqbvem\n\n#microstack #bitcoin #ethereum #blockchain #boâ€¦",ETH,598.4,BTC,8185.78
Sat Mar 17 05:55:08 2018,"arifurr91518253","RT @bulletin_today: Crazy Bitcoin facts you should know\n#bitcoin #cryptocurrency #mining #cryptohosting https://t.co/JSm4EoLSDn",ETH,598.4,BTC,8185.78
Sat Mar 17 05:55:09 2018,"cryptocrazy101","Bitcoin #airdrop #bounty #Crypto\nJoin now : https://t.co/JVMa34Bway\nSign up and complete all given tasks. https://t.co/eG0nttDfGM",ETH,598.4,BTC,8185.78
Sat Mar 17 05:55:10 2018,"BUZZ_Just_In","Gain from movement in these buzzing assets #AI #DigitalTransformation #Spectre $ETH https://t.co/DPIAnqO7Xy https://t.co/VUGOfLDefZ",ETH,598.4,BTC,8185.78
Sat Mar 17 05:55:10 2018,"owenkittyowen","RT @GymRewards: Buy #GYMRewards Tokens, Bonus Time is ending! https://t.co/HDvhoZrz2J, #ICO #cryptocurrency #mobile #app #mining #exercisinâ€¦",ETH,598.4,BTC,8185.78
Sat Mar 17 05:55:11 2018,"The_BitHound","Current price of Bitcoin is $8206.26 #Bitcoin #Bithound",ETH,598.4,BTC,8185.78
Sat Mar 17 05:55:12 2018,"svet25077","RT @bethereumteam: We want to involve our community in our decision making. We now added multiple languages to https://t.co/VupC9N9Dcm andâ€¦",ETH,598.4,BTC,8185.78
Sat Mar 17 05:55:13 2018,"DetroitCrypto","Current Crypto Prices! \n\nBTC: $8187.12 USD\nETH: $598.46 USD\nLTC: $160.69 USD\nBCH: $972.29 USD\nXLM: $0.2275 USD\nDOGEâ€¦ https://t.co/rHVTcOr4MF",ETH,598.36,BTC,8186.93
Sat Mar 17 05:55:14 2018,"SarozOthoniel","Bitcoin Trading: Mastering the Bitcoin Universe and Step by Step Guide to Trading Bitcoin (Kindle Edition)â€¦ https://t.co/26kCoRFjhx",ETH,598.36,BTC,8186.93
Sat Mar 17 05:55:14 2018,"ap_kagoshima","ASUSã®ã˜ã‚ƒã‚“ã‘ã‚“å¤§ä¼šã‚‚ç››ã‚Šä¸ŠãŒã‚Šã¾ã—ãŸï¼15æ™‚ã‹ã‚‰ã¯è©±é¡Œã®ãƒã‚¤ãƒ‹ãƒ³ã‚°PCè¬›åº§ã¨ãªã£ã¦ãŠã‚Šã¾ã™ï¼ã¾ã é–“ã«åˆã„ã¾ã™ã‚ˆï¼ãœã²ãŠè¶Šã—ãã ã•ã„\n#Asus #ãƒã‚¤ãƒ‹ãƒ³ã‚° #PC #bitcoin ã‚¢ãƒ—ãƒ©ã‚¤ãƒ‰é¹¿å…å³¶ https://t.co/1eKxbSzKPL",ETH,598.36,BTC,8186.93
Sat Mar 17 05:55:15 2018,"ShelllwD","RT @AltOne_Crypto: $BTC - Also, the chances of us bouncing at $7250 is VERY high because you can see it's clearly making 3 fractals the lasâ€¦",ETH,598.36,BTC,8186.93
Sat Mar 17 05:55:16 2018,"GuyKershys","RT @FupoofCoin: buy this great t-shirt with crytocurrecny only at https://t.co/OepRIFUbKO\nReweet to earn 200 fupoofcoins.Min 1000 twitter fâ€¦",ETH,598.36,BTC,8186.93
Sat Mar 17 05:55:17 2018,"med_LinkedIn","ä¸–ç•Œå–å¼•æ‰€ã®å††æ›ç®—ãƒ“ãƒƒãƒˆã‚³ã‚¤ãƒ³ä¾¡æ ¼ã‚’ãƒªã‚¢ãƒ«ã‚¿ã‚¤ãƒ è¡¨ç¤º #ãƒ“ãƒƒãƒˆã‚³ã‚¤ãƒ³ #Bitcoin ""https://t.co/V5CjGLMOMH"" https://t.co/utp9tHe6iu",ETH,598.36,BTC,8186.93
Sat Mar 17 05:55:17 2018,"NguyenK22427374","RT @HorizonCoin: Great to join a #bitcoin #meetup group in #Detroit and talk about Horizon and cryptocurrency!\n\n#ico #cryptocurrency #etherâ€¦",ETH,598.36,BTC,8186.93
Sat Mar 17 05:55:18 2018,"Ret6767","RT @GymRewards: Join the GYM Rewards Beta @ https://t.co/PmWCZISLYL â€¦ â€¦ #GYMRewards, #ICO #cryptocurrency #mobile #app #mining #exercisingâ€¦",ETH,598.36,BTC,8186.93
Sat Mar 17 05:55:19 2018,"hitoshi_927","RT @bitmilkCurrency: 11æœˆ25æ—¥ã‚ãŸã‚Šã‹ã‚‰ã®BTCã®ç•°å¸¸ãªä¾¡æ ¼ä¸Šæ˜‡ãŒãªã‹ã£ãŸã¨è€ƒãˆã¦ãƒãƒ£ãƒ¼ãƒˆã‚’æã„ã¦ã¿ã‚‹ã¨ã™ã”ãè‡ªç„¶ãªä¸Šæ˜‡ãƒˆãƒ¬ãƒ³ãƒ‰ä¸­ã§ã‚ã‚Šã€ä»Šã¯çµ¶å¥½ã®æŠ¼ã—ç›®è²·ã„ãƒã‚¤ãƒ³ãƒˆã«ã¿ãˆã¾ã™ã€‚\n\n#å‡ºå·çµ„ã™ã”ã™ã https://t.co/Z3pyXmsE9Q",ETH,598.36,BTC,8186.93
Sat Mar 17 05:55:20 2018,"yuukihagino","ã‚¸ãƒ§ãƒ³ãƒã‚«ãƒ•ã‚£ãƒ¼ï¼šãƒãƒƒã‚­ãƒ³ã‚°å¯¾ç­–ã‚¹ã‚¿ãƒ¼ãƒˆã‚¢ãƒƒãƒ—CryptoSecureã«åŠ å…¥ https://t.co/zF9ah5cyaD #ä»®æƒ³é€šè²¨ #ãƒ“ãƒƒãƒˆã‚³ã‚¤ãƒ³ #ãƒ“ãƒƒãƒˆã‚³ã‚¤ãƒ³ã‚­ãƒ£ãƒƒã‚·ãƒ¥ #ãƒ“ãƒƒãƒˆã‚³ã‚¤ãƒ³FX #BTC #ç›¸äº’ãƒ•ã‚©ãƒ­ãƒ¼",ETH,598.36,BTC,8186.93
Sat Mar 17 05:55:20 2018,"echosixx","RT @SatoshiLite: Abra chose Litecoin over Bitcoin Cash because of Litecoin's better security and its adherence to Bitcoin's scalability roaâ€¦",ETH,598.36,BTC,8186.93
Sat Mar 17 05:55:21 2018,"khadimsheed45","RT @Flinchcoin: Flinch Coin ICO is live !!\n\ncheck out now to get early 25% bonus on all purchased tokens \n\nGet a chance to win Free tokensâ€¦",ETH,598.36,BTC,8186.93
Sat Mar 17 05:55:22 2018,"hsedynamic","RT @LINDA_COIN_BULL: Thank you to everybody that participated in our #lindacoin $LINDA team Live Q&amp;A! Exciting stuff coming, and if you misâ€¦",ETH,598.36,BTC,8186.93
Sat Mar 17 05:55:23 2018,"RogeraVerr","@sunnydecree My profi TA analyse indicates that btc tomorw at 9:43 am will go to 1 btc right after in 30 min it wilâ€¦ https://t.co/w4dngpdTfv",ETH,598.36,BTC,8186.93
Sat Mar 17 05:55:23 2018,"bitcoins_future","#Bitcoin is based on #blockchain. A public ledger of transactions that's safe, huge potential to be future currency. #freebitcoin",ETH,598.19,BTC,8186.26
Sat Mar 17 05:55:24 2018,"FMG617","RT @Fulmare06J: 7 key phases of SEO\n#Keys #DigitalTransformation #Wordpress #DigitalMarketing #Contentmarketing #Branding #SEO #Startup #Grâ€¦",ETH,598.19,BTC,8186.26
Sat Mar 17 05:55:25 2018,"BitBullCapital","RT @Blockgks: What is #Cryptocurrency: Everything You Need To Know [Ultimate Guide] https://t.co/Y2X57Q4sBO #bitcoin #bltcoin https://t.co/â€¦",ETH,598.19,BTC,8186.26
Sat Mar 17 05:55:26 2018,"Alex_White1139","#AstrnToken pre-registration has started. Join now and get your free 300 tokens. \nhttps://t.co/Mu6T332e4x Share youâ€¦ https://t.co/inq1o3DirB",ETH,598.19,BTC,8186.26
Sat Mar 17 05:55:26 2018,"KarachiTips","The latest KarachiTips Daily! https://t.co/c7LF90GzVy Thanks to @MeeraGhani @SaadGH @bohotsaara #crypto #bitcoin",ETH,598.19,BTC,8186.26
Sat Mar 17 05:55:27 2018,"brokendremz","RT @GymRewards: Buy #GYMRewards Tokens, Bonus Time is ending! https://t.co/HDvhoZrz2J, #ICO #cryptocurrency #mobile #app #mining #exercisinâ€¦",ETH,598.19,BTC,8186.26
Sat Mar 17 05:55:28 2018,"PreetamJaiswa11","RT @THUGCOIN: Our official @THUGCOIN Twitter #Airdrop ROUND 4 is live NOW!\nLet's celebrate the official listing of #THUG on @ForkDelta!\n\nCoâ€¦",ETH,598.19,BTC,8186.26
Sat Mar 17 05:55:29 2018,"adi_sudaryasa","RT @PlanetZiggurat: I added a video to a @YouTube playlist https://t.co/pGhex9oWc1  Ecex Exchange - Signing NDA  $AMZN $ETSY $BABA $WMT $TGâ€¦",ETH,598.19,BTC,8186.26
Sat Mar 17 05:55:30 2018,"mmiller16789","RT @GymRewards: Join the GYM Rewards Beta @ https://t.co/PmWCZISLYL â€¦ â€¦ #GYMRewards, #ICO #cryptocurrency #mobile #app #mining #exercisingâ€¦",ETH,598.19,BTC,8186.26
Sat Mar 17 05:55:30 2018,"idcapp","cryptocurrency trading - extra monthly income mining bitcoin cryptocurrency | passive income ... https://t.co/uCHvrkZiPS",ETH,598.19,BTC,8186.26
Sat Mar 17 05:55:31 2018,"lunkins1909","RT @bethereumteam: We're officially announcing the Bether #token distribution! \nTake a look at the following chart ğŸ“ˆ or visit our website:â€¦",ETH,598.19,BTC,8186.26
Sat Mar 17 05:55:32 2018,"KevinMo96692632","Copy successful traders automatically with Bitcoin! ğŸ’°ğŸ’°\n\nI copy ""Dividend667"". Do you?\n\nâ¡ï¸ https://t.co/QjZGurJfI8â€¦ https://t.co/GONOC5phTr",ETH,598.19,BTC,8186.26
Sat Mar 17 05:55:33 2018,"JustSinBaby","RT @MsxNetwork: AIRDROP! 80% free distribution!\n\nPHASE I for #AION Token Holder \nPHASE II for #ICX Token Holder \nPHASE III for #ELF Token Hâ€¦",ETH,598.19,BTC,8186.26
Sat Mar 17 05:55:33 2018,"cryptobserver24","RT @AlexChoOfficial: Cryptocurrency investment is going through the roof, because there are a lot of smart people investing into the entireâ€¦",ETH,598.18,BTC,8186.35
Sat Mar 17 05:55:34 2018,"nikitenkoolya1","RT @BitschoolAI: Just Three days to go till the ICO starts get whitelisted now #bitschool https://t.co/IxnBgsDIp7",ETH,598.18,BTC,8186.35
Sat Mar 17 05:55:35 2018,"mcmain320","RT @DomusCoins: Ever wanted to know how does #DomusCoins regulate inflation? Read our White Paper : https://t.co/cXUf6x2Ta9 to know more abâ€¦",ETH,598.18,BTC,8186.35
Sat Mar 17 05:55:36 2018,"DajayMarife","RT @THUGCOIN: Our official @THUGCOIN Twitter #Airdrop ROUND 4 is live NOW!\nLet's celebrate the official listing of #THUG on @ForkDelta!\n\nCoâ€¦",ETH,598.18,BTC,8186.35
Sat Mar 17 05:55:37 2018,"pascalbouvier","@chainyoda yes, it is called bitcoin.",ETH,598.18,BTC,8186.35
Sat Mar 17 05:55:37 2018,"9potatocorden","Win $10 PayPal money for following @fahimtm and RT. #Giveaway #Contest #Cash #Giftcard #BTC https://t.co/ZpJpqNeAZI",ETH,598.18,BTC,8186.35
Sat Mar 17 05:55:38 2018,"svet25077","RT @bethereumteam: Our whitepaper is now available in 6 differnet languages!\nGo read about the #Bethereum project and our vision on https:/â€¦",ETH,598.18,BTC,8186.35
Sat Mar 17 05:55:39 2018,"Alex___LOCK","Join the epic #LitecoinCash giveaway in just a few clicks! Thank you @LitecoinFork! #Litecoin #Cryptocurrencyâ€¦ https://t.co/ZYnVyrOhu4",ETH,598.18,BTC,8186.35
Sat Mar 17 05:55:40 2018,"kulibjka","RT @witchaindev: ğŸ¬ğŸ¬#WITChain Makes Your Token and Manages Its Value.\n#WITChain 2nd round #Airdrop.100 #WIT tokensï¼ˆ$10)ï¼‰ will #airdrop to yoâ€¦",ETH,598.18,BTC,8186.35
Sat Mar 17 05:55:40 2018,"Rajputr12230422","RT @aminur233: Free bitcoin, litecoin ......\nhttps://t.co/UMmXXBSGVS\nhttps://t.co/xgiqt7xvV7\nhttps://t.co/sSufSUivW5\nhttps://t.co/dSE3HmLT4â€¦",ETH,598.18,BTC,8186.35
Sat Mar 17 05:55:41 2018,"yub682000","RT @ki1yu1: ãƒ“ãƒƒãƒˆã‚³ã‚¤ãƒ³ã‚­ãƒ£ãƒƒã‚·ãƒ¥(BCH)ãŒãƒ“ãƒƒãƒˆã‚³ã‚¤ãƒ³ã‚³ã‚¢(BTC)ã‚’å‡Œé§•ã—ãŸã‚‰ã‚„ã£ã¨æš—å·é€šè²¨å¸‚å ´ã«ã‚‚æ˜¥ä¸€ç•ªãŒå¹ãã€‚ãªãœãªã‚‰BCHã¯æ±ºæ¸ˆã«ç›®ç«‹ã£ãŸå•é¡ŒãŒãªãã‚¹ãƒ ãƒ¼ã‚ºã§ã€ä»Šé †èª¿ã«æ™®åŠã‚’ç¶šã‘ã¦ã„ã‚‹ã€‚ã“ã®æ³¢ã«ä¹—ã‚Œã°ã‚ã‚‰ã‚†ã‚‹ã‚¢ãƒ«ãƒˆã‚³ã‚¤ãƒ³ã‚‚æ¯ã‚’å¹ãè¿”ã™ã€‚BTCãŒæ‹›ã„ãŸãƒãƒ–â€¦",ETH,598.18,BTC,8186.35
Sat Mar 17 05:55:42 2018,"adi_sudaryasa","RT @PlanetZiggurat: I added a video to a @YouTube playlist https://t.co/pGhex9oWc1  Ecex Exchange - Signing NDA  $AMZN $ETSY $BABA $WMT $TGâ€¦",ETH,598.18,BTC,8186.35
Sat Mar 17 05:55:43 2018,"Emerphesis","RT @Pecun_io: OUR ADVISOR MR. DAVID DRAKE ON FOX BUSINESS\nIs bitcoin the next 'Swiss bank account?'...\nhttps://t.co/1TLrUqXhyH\n#Pecun_io #Iâ€¦",ETH,598.18,BTC,8186.35
Sat Mar 17 05:55:43 2018,"twbtter5034","Get Free Bitcoin        https://t.co/kzdMXg6eoh",ETH,598.18,BTC,8186.35
Sat Mar 17 05:55:44 2018,"patrici33735022","RT @ZqS6k70IbizjX5A: @f9zpWdklZsVDMKd @bitconpriavte @bitcoinprivate i sent 2 eth and got 20 within minutes, you guys are just too awsome\ntâ€¦",ETH,598.22,BTC,8185.25
Sat Mar 17 05:55:45 2018,"selbach1566","RT @cryptonewss3: @Bitcoin @steam_games 10/03/2018: BINANCE GIVEAWAY OF 10,000 Ethereum (~7300000$ now)\n\nhttps://t.co/LpFnrFDHKu",ETH,598.22,BTC,8185.25
Sat Mar 17 05:55:46 2018,"DallasNewman10","RT @CryptoChoe: #bitcoin #btc \n\ni) waiting on the $7.2k possible swing low play\n\nii) lowest I see #btc is mid-high $4k\n\niii) we'll take itâ€¦",ETH,598.22,BTC,8185.25
Sat Mar 17 05:55:47 2018,"twctter5035","Get Free Bitcoin        https://t.co/RVbLwNoljA",ETH,598.22,BTC,8185.25
Sat Mar 17 05:55:48 2018,"moneromining","RT @GymRewards: Buy #GYMRewards Tokens, Bonus Time is ending! https://t.co/HDvhoZrz2J, #ICO #cryptocurrency #mobile #app #mining #exercisinâ€¦",ETH,598.22,BTC,8185.25
Sat Mar 17 05:55:49 2018,"adi_sudaryasa","RT @PlanetZiggurat: Ecex Exchange ICO https://t.co/KGn0Md6BhX\nCurrent ETH price: 504.81 EUR, for 0.1 ETH you will get at least 504.81 ZIG tâ€¦",ETH,598.22,BTC,8185.25
Sat Mar 17 05:55:50 2018,"twdtter5036","Get Free Bitcoin        https://t.co/VKCnjZkfcP",ETH,598.22,BTC,8185.25
Sat Mar 17 05:55:51 2018,"erkancamli","RT @SwapyNetwork: Prior to contribution, read all the documents available on Swapy website: https://t.co/u9eyshBLbI And donâ€™t forget to joiâ€¦",ETH,598.22,BTC,8185.25
Sat Mar 17 05:55:51 2018,"woundsaleph","RT @MeetnGreetMe: Ian Scarffe has joined MeetnGreetMe Advisory Board!\nA leading expert in Bitcoin, Blockchain and Crypto industries, Ian isâ€¦",ETH,598.22,BTC,8185.25
Sat Mar 17 05:55:52 2018,"sky_net00","RT @inagoflyer: ãƒ“ãƒƒãƒˆã‚³ã‚¤ãƒ³ç›¸å ´ã€€2018/03/17 14:31 JST\nç¾åœ¨8173ãƒ‰ãƒ« ( 86.6ä¸‡å†† )\n\nãƒ‡ãƒƒãƒ‰ã‚¯ãƒ­ã‚¹ã™ã‚‹ã‹ãƒ»ã—ãªã„ã®ã‹â‰ï¸ã¨\n1é€±é–“è¶³ã§äºˆæƒ³ã™ã‚‹äººå¢—ãˆã¦ãã¦ã‚Šã‚…ğŸ§\n\nãƒ‡ãƒƒãƒ‰ã‚¯ãƒ­ã‚¹ã—ãªã‹ã£ãŸã‚‰æ€¥æ¿€ãªåç™ºä¸Šã’ã‚ã‚‹ã®ã§å…ˆèµ°ã‚Šã‚·ãƒ§ãƒ¼ãƒˆï½ºï¾œï½°â€¦",ETH,598.22,BTC,8185.25
Sat Mar 17 05:55:53 2018,"Ochoinsprd21","https://t.co/LuwawRazWV #Moneto @ moneto MONETO will provide an opportunity to take a loan on the security of Bitcoâ€¦ https://t.co/snELCQcsSH",ETH,598.22,BTC,8185.25
Sat Mar 17 05:55:54 2018,"wivesroot","RT @IronBlock_io: Project representative IronBlock Pierre Ovalles took part in the Bitcoin Private Conference\nhttps://t.co/qjjn2MmkCJ\n#icoâ€¦",ETH,598.22,BTC,8185.25
Sat Mar 17 05:55:54 2018,"kamarudin_ejam",".Earn bitcoin on a daily basis!\n\n1. Follow @slidecoin \n2. Complete instructions in pinned tweet",ETH,598.22,BTC,8185.73
Sat Mar 17 05:55:55 2018,"erkancamli","RT @SwapyNetwork: ğŸ“¢ 3 DAYS | Swapy Network ICO Presale will start on March 19! â­ï¸â­ï¸â­ï¸â­ï¸â­ï¸ Join our Telegram:[ https://t.co/AZQ0B05DhI ] toâ€¦",ETH,598.22,BTC,8185.73
Sat Mar 17 05:55:56 2018,"YudhaAP85","RT @Cointelegraph: #Bitcoin #mining earnings are reportedly almost equal to costs, according to new Fundstrat report. https://t.co/6dO7N659â€¦",ETH,598.22,BTC,8185.73
Sat Mar 17 05:55:57 2018,"Wahid_Maq","Even if my situation get extremely illiquid; I will support crypto  \n#ltc #LitecoinFam #bitcoin #BTC #BTCUSD #LTCUSD https://t.co/j2XGxOf1pu",ETH,598.22,BTC,8185.73
Sat Mar 17 05:55:57 2018,"Opu00998877","RT @beximam04: Best hashflare Pool Settings March 13th, 2018 - antpool\nhttps://t.co/AZCEHASE3D\n\nMore info - https://t.co/BoNtrc4kAc\n\n#hashfâ€¦",ETH,598.22,BTC,8185.73
Sat Mar 17 05:55:58 2018,"ahttyam","RT @rateico: Where have any freedom to speech about Biggest Scam in #Crypto? RT @washingtonpost @CNN @nytimes @Forbes @ForbesTech @TechCrunâ€¦",ETH,598.22,BTC,8185.73
Sat Mar 17 05:55:59 2018,"adi_sudaryasa","RT @PlanetZiggurat: Ecex Exchange ICO https://t.co/KGn0Md6BhX\nCurrent ETH price: 503.79 EUR, for 0.1 ETH you will get at least 503.79 ZIG tâ€¦",ETH,598.22,BTC,8185.73
Sat Mar 17 05:56:00 2018,"pr0t0type_X","@zerohedge Thats the Bitcoin !!!! Less paper, more value.",ETH,598.22,BTC,8185.73
Sat Mar 17 05:56:00 2018,"JimohAkomolafe","RT @THUGCOIN: Our official @THUGCOIN Twitter #Airdrop ROUND 4 is live NOW!\nLet's celebrate the official listing of #THUG on @ForkDelta!\n\nCoâ€¦",ETH,598.22,BTC,8185.73
Sat Mar 17 05:56:01 2018,"WuWeiTaoist","wie geht bitcoin â€“ wie funktioniert bitcoin â€“ wie werden bitcoinsÂ gemacht https://t.co/ugsRj8fIuq https://t.co/8h2yvezYyh",ETH,598.22,BTC,8185.73
Sat Mar 17 05:56:02 2018,"musenz","RT @nic__carter: What percentage of your salary would you accept in Bitcoin?",ETH,598.22,BTC,8185.73
Sat Mar 17 05:56:03 2018,"cryptobserver24","RT @SmartTaylorApp: Buy pressure: China and the USA are forbidden to buy TAY until after the token sale. What do you think it will hapen thâ€¦",ETH,598.22,BTC,8185.73
Sat Mar 17 05:56:04 2018,"silva_hansi","RT @EuropeanCryptoB: Great News from South Korea today\nhttps://t.co/Pyuxg5u4mG\n#blockchain #ICO #cryptocurrency #TokenSale #ECB #europeanCrâ€¦",ETH,598.22,BTC,8185.73
Sat Mar 17 05:56:04 2018,"dKryptLive","Update: based on W1 extension and bullish activity, I will be looking for #BTC W5 to complete around 7450. This wilâ€¦ https://t.co/XWEU0h4Wqe",ETH,598.21,BTC,8186.09
Sat Mar 17 05:56:05 2018,"KeithIsRaw","RT @ErikVoorhees: Bitcoin: a digital currency with known &amp; limited supply, an open global network, and not controlled by politicians. US Doâ€¦",ETH,598.21,BTC,8186.09
Sat Mar 17 05:56:06 2018,"RcLJVLt5trcCy1E","Just received 50 ETHEREUM :DD Best day of my life!! \n\nhttps://t.co/3O4ZBJEiZF\n\n$btc $eth $ltc $xrp $xmr $ada $bchâ€¦ https://t.co/CVl7kS7VSp",ETH,598.21,BTC,8186.09
Sat Mar 17 05:56:07 2018,"erkancamli","RT @SwapyNetwork: ğŸ“¢ 4 DAYS | Swapy Network ICO Presale will start on March 19! â­ï¸â­ï¸â­ï¸â­ï¸â­ï¸ Join our Telegram:[ https://t.co/AZQ0B05DhI ] toâ€¦",ETH,598.21,BTC,8186.09
Sat Mar 17 05:56:07 2018,"essar76","Share your ref. link to receive a 20% ETH bonus over the sales!\n\n#EthereumPremium #ETHPR #Blockchain #TokenSaleâ€¦ https://t.co/xyTp6QF7sp",ETH,598.21,BTC,8186.09
Sat Mar 17 05:56:08 2018,"EtherClown","RT @coinseedapp: How many millionaires do you know who have become wealthy by investing in savings accounts? I rest my case. --Robert G. Alâ€¦",ETH,598.21,BTC,8186.09
Sat Mar 17 05:56:09 2018,"DNaftaplin","RT @APompliano: Bitcoin is â€œa hedge against the whole world falling apartâ€ - @peterthiel",ETH,598.21,BTC,8186.09
Sat Mar 17 05:56:10 2018,"ALHDZMXN","RT @PhilakoneCrypto: Live stream steemit blog. Tons of useful information, especially on how to elliot wave count, with different paths, anâ€¦",ETH,598.21,BTC,8186.09
Sat Mar 17 05:56:10 2018,"af74469257","RT @bethereumteam: It's been 72 hours since the official launch of our Bounty campaign.\nIs there a stronger crypto community out there?\n#crâ€¦",ETH,598.21,BTC,8186.09
Sat Mar 17 05:56:11 2018,"florinipat","RT @GymRewards: Buy #GYMRewards Tokens, Bonus Time is ending! https://t.co/HDvhoZrz2J, #ICO #cryptocurrency #mobile #app #mining #exercisinâ€¦",ETH,598.21,BTC,8186.09
Sat Mar 17 05:56:12 2018,"biconnections","RT @AddonSolutions: #AugmentedReality is #shaping the #futureOffinance\nhttps://t.co/c2dXA8ir9z @VentureBeat\n#AR #Tech #construction #architâ€¦",ETH,598.21,BTC,8186.09
Sat Mar 17 05:56:13 2018,"cryptobserver24","RT @SmartTaylorApp: VoilÃ ! First video-demo of the Crypto Trading Assistant App released: https://t.co/a5LaYI22K5  . What do you think?\n\n#Tâ€¦",ETH,598.21,BTC,8186.09
Sat Mar 17 05:56:13 2018,"loree40092964","RT @CryptooSID: For the best #Dice Experience join #Luckygames =&gt; https://t.co/AsUxfiUt0x  \n\nNew #Retweet Contest: (Details in pic)\n\n+Playâ€¦",ETH,598.21,BTC,8186.09
Sat Mar 17 05:56:15 2018,"VitekKripta","RT @GymRewards: Buy #GYMRewards Tokens, Bonus Time is ending! https://t.co/HDvhoZrz2J, #ICO #cryptocurrency #mobile #app #mining #exercisinâ€¦",ETH,598.21,BTC,8187.75
Sat Mar 17 05:56:16 2018,"monumentalinflu","RT @froshfeel: We have reached 50% of our total soft cap within our preICO phase! Few more days left to take advantage of the 50% bonus - câ€¦",ETH,598.21,BTC,8187.75
Sat Mar 17 05:56:17 2018,"HHUcaAIH6iw1QyH","RT @ki1yu1: ãƒ“ãƒƒãƒˆã‚³ã‚¤ãƒ³ã‚³ã‚¢(BTC)ãŒ100ä¸‡ä»¥ä¸Šã«åˆ°é”ã›ãšãƒ»å®‰å®šã›ãšã«ä¸‹ã’ã‚’ç¹°ã‚Šè¿”ã›ã°ç¹°ã‚Šè¿”ã™ã»ã©ã€æ¡æ˜è€…ãŸã¡ã¯BTCã«è¦‹åˆ‡ã‚Šã‚’ä»˜ã‘ã¦ãƒ“ãƒƒãƒˆã‚³ã‚¤ãƒ³ã‚­ãƒ£ãƒƒã‚·ãƒ¥(BCH)ã«ä¹—ã‚Šæ›ãˆã‚‹ã€‚ãã‚Œã¯ã‚¸ãƒ¯ã‚¸ãƒ¯ã¨é€²è¡Œã—ã¦æ ¹åº•ã‹ã‚‰ãƒ“ãƒƒãƒˆã‚³ã‚¤ãƒ³ã‚³ã‚¢(BTC)ã®å­˜åœ¨ã‚’æºã‚‹ãŒã™ã€‚ã™ã¹ã¦â€¦",ETH,598.21,BTC,8187.75
Sat Mar 17 05:56:17 2018,"yoofspeakmoving","RT @MsxNetwork: AIRDROP! 80% free distribution!\n\nPHASE I for #AION Token Holder \nPHASE II for #ICX Token Holder \nPHASE III for #ELF Token Hâ€¦",ETH,598.21,BTC,8187.75
Sat Mar 17 05:56:18 2018,"nakib_nakib","RT @ForkDelta: THUG Coin Token $THUG by https://t.co/PJ7DrmaaCb is now available on @ForkDelta: https://t.co/Z57ALJ0TIQ \n\n#THUG #ERC20 #gemâ€¦",ETH,598.21,BTC,8187.75
Sat Mar 17 05:56:19 2018,"ekenenwakalo","@jonnwakalo @edemekong_ruth @ojileA @Chekwume_ @TreasureMgbaja https://t.co/7v1IgrT4Fb",ETH,598.21,BTC,8187.75
Sat Mar 17 05:56:20 2018,"jenny50934758","RT @Crypt0Whal3: For people who are hating misinformation.  Here is the solution:\n\n1. Follow @LiveCoinWatch\n2. Ignore &amp; Unfollow @CoinMarkeâ€¦",ETH,598.21,BTC,8187.75
Sat Mar 17 05:56:20 2018,"sick_rome","join the community! https://t.co/htv4AxfS2c",ETH,598.21,BTC,8187.75
Sat Mar 17 05:56:21 2018,"bitmanmj","RT @PhilakoneCrypto: Live stream steemit blog. Tons of useful information, especially on how to elliot wave count, with different paths, anâ€¦",ETH,598.21,BTC,8187.75
Sat Mar 17 05:56:22 2018,"LauraVanHoute","RT @bethereumteam: #Bethereum makes any sports event more fun! âš½\nWatch the video of the betting process and tag the friends you'd like to câ€¦",ETH,598.21,BTC,8187.75
Sat Mar 17 05:56:23 2018,"CryptoInvestICO","RT @GiftcoinCrypto: Giftcoin offers more than an opportunity for users to donate... https://t.co/JYvJ3dNEGk #tokensale #ico #cryptonews #Giâ€¦",ETH,598.21,BTC,8187.75
Sat Mar 17 05:56:23 2018,"yoshiking1031","RT @Swoponrs: Cheers to everyone who believed in @_R_Block and participated on their ICO. One of the best ICOs i've been a part of. $BTC $Eâ€¦",ETH,598.21,BTC,8187.75
Sat Mar 17 05:56:24 2018,"af74469257","RT @bethereumteam: To understand how conventional betting is increasingly depriving people of their money, we must first find out how bookmâ€¦",ETH,598.21,BTC,8187.75
Sat Mar 17 05:56:25 2018,"Sarjanamuda2017","RT @tokenpay: In a not so shocking but amusingly contradictory statement, VISA CEO Alfred Kelly says that #bitcoin is ""not a payment systemâ€¦",ETH,598.21,BTC,8187.75
Sat Mar 17 05:56:26 2018,"ThaiHa710","RT @kickcity_io: The Blockchain News @blockchainers about KickCity:\nhttps://t.co/2AvtwN5IbO \n\nOur Token Sale is Live ğŸŒŸğŸ‘‰https://t.co/pIay57hâ€¦",ETH,598.21,BTC,8186.71
Sat Mar 17 05:56:27 2018,"MiguelAliDaddy","RT @qhardy: â€œBuy Bitcoin. Take Trump very seriouslyâ€ would have convinced 2015 me that I had met the first drunk time traveler.",ETH,598.21,BTC,8186.71
Sat Mar 17 05:56:27 2018,"sayres_jeremy","RT @APompliano: Bitcoin is â€œa hedge against the whole world falling apartâ€ - @peterthiel",ETH,598.21,BTC,8186.71
Sat Mar 17 05:56:28 2018,"cryptosportzfan","#blockchain #btc #crypto #cryptocurrency #bitcoin #Ethereum #ETH 90 \n The first blockchain platform to power sportsâ€¦ https://t.co/qvf59AWMzL",ETH,598.21,BTC,8186.71
Sat Mar 17 05:56:29 2018,"Ripti77","RT @MAVRO_COIN: The ICO is here! It's selling fast, have you claimed yours? Learn more at https://t.co/vMlDrljG9z #Mavro #cryptocurrency #bâ€¦",ETH,598.21,BTC,8186.71
Sat Mar 17 05:56:30 2018,"OTC_BlTCOlN","DEAR WHALES\n\nIf you have over 20 BTC,\n\nWe strongly recommend you be a 24h bitcoin fund manager client now.\n\nUse ourâ€¦ https://t.co/XXFwK7IdFc",ETH,598.21,BTC,8186.71
Sat Mar 17 05:56:30 2018,"ThaiHa710","RT @kickcity_io: Today our CEO Gideon Gibson will give a speech about Blockchain-Technology in Media at Capitalism2050 Event in Austin, TXâ€¦",ETH,598.21,BTC,8186.71
Sat Mar 17 05:56:31 2018,"WealthNook","#Crypto #Blockchain #Crowdfunding #SyncFab #CNC #SupplyChain #Manufacturing #ether #ethereum #bitcoinâ€¦ https://t.co/0bGVyrqAvz",ETH,598.21,BTC,8186.71
Sat Mar 17 05:56:32 2018,"Hunting_Rabbits","@Bitfinexed @YoussefLrd And.. while they ban mining...\nhttps://t.co/t1g37UztOw",ETH,598.21,BTC,8186.71
Sat Mar 17 05:56:33 2018,"bitclubbitcoin","RT @toshi_mat002: THE MOST INNOVATIVE AND LUCRATIVE WAY TO EARN BITCOIN\nJOIN BITCLUB NETWORK!!!",ETH,598.21,BTC,8186.71
Sat Mar 17 05:56:33 2018,"morffozaO","RT @GymRewards: Join the GYM Rewards Beta @ https://t.co/PmWCZISLYL â€¦ â€¦ #GYMRewards, #ICO #cryptocurrency #mobile #app #mining #exercisingâ€¦",ETH,598.21,BTC,8186.71
Sat Mar 17 05:56:34 2018,"ImeldaBuyayo","Install CryptoTab and mine Bitcoin! https://t.co/f6OKKwpF4L",ETH,598.21,BTC,8186.71
Sat Mar 17 05:56:35 2018,"glazehockey","RT @MsxNetwork: AIRDROP! 80% free distribution!\n\nPHASE I for #AION Token Holder \nPHASE II for #ICX Token Holder \nPHASE III for #ELF Token Hâ€¦",ETH,598.21,BTC,8186.71
Sat Mar 17 05:56:36 2018,"BintangWana","Sell / Buy Bitcoin with ESCROW P2P facility in Marketplace MyPitisWallet.\n#MyPitisWallet#MPW\n#PitisCoin#PTS\n#Blockcâ€¦ https://t.co/W6VzA3Lc8s",ETH,598.21,BTC,8185.57
Sat Mar 17 05:56:37 2018,"ruritansokani","RT @OliversWilde: @KomodoPlatform Shazaam!! And cant wait for the $KMD + @monaizeuk BANK=ğŸš€ğŸ¤‘ğŸš€ICO countdown, checking in daily!! ğŸš€ $LTC $BTCâ€¦",ETH,598.21,BTC,8185.57
Sat Mar 17 05:56:37 2018,"thesacrament696","RT @bethereumteam: #Bethereum makes any sports event more fun! âš½\nWatch the video of the betting process and tag the friends you'd like to câ€¦",ETH,598.21,BTC,8185.57
Sat Mar 17 05:56:38 2018,"StockTraderCan","quest ce que le bitcoin â€“ le bitcoin et la blockchain (avec heu?reka) â€” science Ã©tonnanteÂ #31â€¦ https://t.co/qC87EA97Nr",ETH,598.21,BTC,8185.57
