Sat Mar 17 06:03:35 2018,"__ChakaZoulou","RT @ScrapeINT: Bitcoin:$8207.01\nEthereum:$598.548\nBitcoin Cash:$973.264\nLitecoin:$160.988\nRipple:$0.682276\nIOTA:$1.10279",ETH,598.72,BTC,8171.79
Sat Mar 17 06:03:36 2018,"oc98326731","Agetron, biggest digital currency, electronic money, bitcoin, cryptocurrency, blockchain https://t.co/gUM76KnAJ7 @coins_agetron aracÄ±lÄ±ÄŸÄ±yla",ETH,598.72,BTC,8171.79
Sat Mar 17 06:03:37 2018,"L1looker","RT @Crypto_Flix: Please keep upvoting our project at @tokenmarket by following our #ICO on this list â¡ï¸ https://t.co/Qv40rIj665",ETH,598.72,BTC,8171.79
Sat Mar 17 06:03:38 2018,"rendon_rc","RT @GGlobal_Project: Thank you, @finsmes, for this great article: https://t.co/NqLSMUsGja \n#cryptocurrency #Eth #blockchain #ICO #token #coâ€¦",ETH,598.72,BTC,8171.79
Sat Mar 17 06:03:39 2018,"alminalalala","RT @SmartTaylorApp: VoilÃ ! First video-demo of the Crypto Trading Assistant App released: https://t.co/a5LaYI22K5  . What do you think?\n\n#Tâ€¦",ETH,598.72,BTC,8171.79
Sat Mar 17 06:03:39 2018,"climaxcrypto","@WorldWifi_ICO https://t.co/9RhmJejmqQ",ETH,598.72,BTC,8171.79
Sat Mar 17 06:03:40 2018,"CryptoAssets247","@AltOne_Crypto If/when BTC moons will the returns be greater in BTC or a good alt?  I'm assuming Btc is where all tâ€¦ https://t.co/IOjdey37yv",ETH,598.72,BTC,8171.79
Sat Mar 17 06:03:41 2018,"I_am_YhemightY","RT @TokenAstrn: #AstrnToken pre-registration has started. Join now and get your free 300 tokens. \nhttps://t.co/A0JmdoWtRF Share your ref liâ€¦",ETH,598.72,BTC,8171.79
Sat Mar 17 06:03:42 2018,"Stellar_BSW","â¡ LEARN &amp; EARNğŸ’°\n\nâ— Learn Blogging and Entrepreneurship\nâ— Start Small Business Online\nâ— Build Own App and Website\n\nWâ€¦ https://t.co/pEOdZWnjgW",ETH,598.72,BTC,8171.79
Sat Mar 17 06:03:42 2018,"theres_obted","RT @Seigi44: Doing 10,000 $XRP giveaway in 7 days!\n\nTo enter:\n1. RETWEET AND LIKE THIS \n2. FOLLOW ME\n\nBinance registration: https://t.co/4tâ€¦",ETH,598.72,BTC,8171.79
Sat Mar 17 06:03:43 2018,"StrategyFintech","RT @NIRAV_88: RT Shirastweet: The Advantages Of BLOCKCHAIN\n\n#blockchain #blockchaintechnology #cybersecurity #crypto #Cryptocurrency #ICO #â€¦",ETH,598.72,BTC,8171.79
Sat Mar 17 06:03:44 2018,"JohnSnowai","RT @NIRAV_88: RT Shirastweet: The Advantages Of BLOCKCHAIN\n\n#blockchain #blockchaintechnology #cybersecurity #crypto #Cryptocurrency #ICO #â€¦",ETH,598.72,BTC,8171.79
Sat Mar 17 06:03:44 2018,"rawfishrecently","RT @MsxNetwork: #AIRDROP NOW OPEN!\n\nPHASE I for #AION Token Holder\n\nhttps://t.co/8Mbvhqbvem\n\n#microstack #bitcoin #ethereum #blockchain #boâ€¦",ETH,598.72,BTC,8171.79
Sat Mar 17 06:03:45 2018,"sunilbitcoin","RT @THUGCOIN: Our official @THUGCOIN Twitter #Airdrop ROUND 4 is live NOW!\nLet's celebrate the official listing of #THUG on @ForkDelta!\n\nCoâ€¦",ETH,598.72,BTC,8171.79
Sat Mar 17 06:03:46 2018,"Manse111","RT @DrewPflaum: Gee it's disturbing how many likes this tweet has considering its completely false. Truly astonishing the length some #bitcâ€¦",ETH,598.72,BTC,8171.79
Sat Mar 17 06:03:47 2018,"alminalalala","RT @SmartTaylorApp: Buy pressure: China and the USA are forbidden to buy TAY until after the token sale. What do you think it will hapen thâ€¦",ETH,598.72,BTC,8171.79
Sat Mar 17 06:03:48 2018,"stocksandrocks","RT @Linewiper: But I thought cryptos were the future.. Today someone told me that Technical  Analysis doesn't work on cryptos because it'sâ€¦",ETH,598.72,BTC,8171.79
Sat Mar 17 06:03:48 2018,"fritzbitcoin","RT @InsurChain: $INSUR Twitter #Airdrop is NOW LIVE! Follow the instructions on this link:\n\nhttps://t.co/l16VTu681J \n\nRemember to fill in tâ€¦",ETH,598.72,BTC,8171.79
Sat Mar 17 06:03:49 2018,"pattern_against","RT @APompliano: Bitcoin is â€œa hedge against the whole world falling apartâ€ - @peterthiel",ETH,598.72,BTC,8171.79
Sat Mar 17 06:03:50 2018,"yvaoqsolji","RT @MeetnGreetMe: Ian Scarffe has joined MeetnGreetMe Advisory Board!\nA leading expert in Bitcoin, Blockchain and Crypto industries, Ian isâ€¦",ETH,598.72,BTC,8171.79
Sat Mar 17 06:03:51 2018,"t_chandlerhenry","Considering adding some $BTC, $ETH, $NEO, $GVT, and perhaps more $ZIL to my portfolio.   Research still ongoing atâ€¦ https://t.co/9QW2KrKi8P",ETH,598.72,BTC,8171.79
Sat Mar 17 06:03:52 2018,"__ChakaZoulou","RT @BitcoinFR: #BitcoinMatin : Ce matin Ã  07:00, cours moyen du BTC : â†“6661.781801 EUR  et â†“8172.9240362 USD. https://t.co/nEIbjQ2ga4",ETH,598.72,BTC,8171.79
Sat Mar 17 06:03:52 2018,"repcaucivia8707","RT @BitCoinPro100: https://t.co/6wyZNMY92k Online Ğ¾Ğ±Ğ¼ĞµĞ½Ğ½Ğ¸Ğº #Bitcoin Ğ¿Ñ€ĞµĞ´Ğ½Ğ°Ğ·Ğ½Ğ°Ñ‡ĞµĞ½ Ğ´Ğ»Ñ Ñ‚ĞµÑ…, ĞºÑ‚Ğ¾ Ñ…Ğ¾Ñ‡ĞµÑ‚ Ğ±Ñ‹ÑÑ‚Ñ€Ğ¾, Ğ±ĞµĞ·Ğ¾Ğ¿Ğ°ÑĞ½Ğ¾ Ğ¸ Ğ¿Ğ¾ Ğ²Ñ‹Ğ³Ğ¾Ğ´Ğ½Ğ¾Ğ¼Ñƒ ĞºÑƒÑ€ÑÑƒâ€¦",ETH,598.72,BTC,8171.79
Sat Mar 17 06:03:53 2018,"CryptoFridge","RT @LegolasExchange: Lightning Network now live on BTC Mainnet! âš¡Great Job @lightning @starkness!\nHow #LegolasExchange will incorporate LNâ€¦",ETH,598.72,BTC,8171.79
Sat Mar 17 06:03:54 2018,"iprayforyou000","THE MOST INNOVATIVE AND LUCRATIVE WAY TO EARN BITCOIN\nJOIN BITCLUB NETWORK! ! !\nhttps://t.co/VNgGaKh9NL\n[Virtual currency mining Enc",ETH,598.72,BTC,8171.79
Sat Mar 17 06:03:55 2018,"Sherlock_Hopes","Bitcoinâ€™in 50 bin Dolara- 100 bin Ã§Ä±kmasÄ± iÃ§in dua edin maÄŸdurlar, 50000 dolara Ã§Ä±karsa bu tosuncuk 2-3 aylÄ±k kazdÄ±â€¦ https://t.co/mgifHNYGNu",ETH,598.72,BTC,8171.79
Sat Mar 17 06:03:55 2018,"CryptoQueef","@crazy_crypto it's destroyed BTC in % gains since late October.  you've been wrong about it from top to bottom.  Liâ€¦ https://t.co/xMid3WQxZC",ETH,598.72,BTC,8171.79
Sat Mar 17 06:03:56 2018,"dedii_mulya","RT @UTEMISUTS: Our CEO Dr. Juan Pablo Vazquez Sampere is an expert at Netexplo UNESCO and this year he interviewed the COO of https://t.co/â€¦",ETH,598.7,BTC,8179.36
Sat Mar 17 06:03:57 2018,"azharikamil54","RT @eCoinomicnet: #Bitcoin price went below $8,000, taking Top 20 altcoins down and #cryptocurrency market capitalization to $310 billion.â€¦",ETH,598.7,BTC,8179.36
Sat Mar 17 06:03:58 2018,"mccryptopo","""#MobileBridge #MomentumToken #Momentum\n#Crypto #Blockchain\n#SaaS  #loyaltypoints \n#marketing #ether #ethereumâ€¦ https://t.co/bNvYTtCwFi",ETH,598.7,BTC,8179.36
Sat Mar 17 06:03:58 2018,"WarnerBrosUrban","RT @CNBCFastMoney: Bitcoin",ETH,598.7,BTC,8179.36
Sat Mar 17 06:03:59 2018,"a9611436","BTCã€€ä¸‹è½é–‹å§‹ï¼Ÿ",ETH,598.7,BTC,8179.36
Sat Mar 17 06:04:00 2018,"ASHISHR66469284","RT @Rajkuma19322746: à¤®à¤¾0up à¤•à¥‡172000 #à¤¶à¤¿à¤•à¥à¤·à¤¾à¤®à¤¿à¤¤à¥à¤° à¤œà¤¿à¤¸à¤®à¥‡ 95%à¤¹à¤¿à¤¨à¥à¤¦à¥‚ à¤¹à¥€ à¤¹à¥ˆ\n500à¤¸à¥‡ à¤…à¤§à¤¿à¤• à¤ªà¤°à¤¿à¤µà¤¾à¤° à¤¬à¤°à¥à¤¬à¤¾à¤¦ à¤¹à¥‹ à¤—à¤\nà¤¹à¤®à¥‡ à¤­à¥€ à¤¬à¥‚à¤¢à¤¼à¥‡ à¤®à¤¾à¤ à¤¬à¤¾à¤ª à¤ªà¤¤à¥à¤¨à¥€ à¤•à¤¾ à¤‡à¤²à¤¾à¤œ à¤•â€¦",ETH,598.7,BTC,8179.36
Sat Mar 17 06:04:01 2018,"asiangi29569690","I would like to thank you if one BTC gathered. Terima Sebaik sahaja anda telah berkumpul 1BTC.  \nTerima Setelah anda mengumpulkan 1BTC.Pleas",ETH,598.7,BTC,8179.36
Sat Mar 17 06:04:02 2018,"Bitclubnetwork3","THE MOST INNOVATIVE AND LUCRATIVE WAY TO EARN BITCOIN\nJOIN BITCLUB NETWORK!!!\nhttps://t.co/wC0cX80ZAz",ETH,598.7,BTC,8179.36
Sat Mar 17 06:04:02 2018,"Yasithachanaka3","RT @bethereumteam: The Bether #token.\nSimple, #safe, #transparent and socially engaging!\nLearn more: https://t.co/C5UxE6TPGJ\n#crypto #blockâ€¦",ETH,598.7,BTC,8179.36
Sat Mar 17 06:04:03 2018,"LidiyaBublikova","RT @BUY_and_SELL5: Goldman-Backed Crypto Startup Circle to Hire 100 Employees, Expand into Asia.\n\nFintech startup Circle said that it willâ€¦",ETH,598.7,BTC,8179.36
Sat Mar 17 06:04:04 2018,"cerennooo","RT @SmartTaylorApp: VoilÃ ! First video-demo of the Crypto Trading Assistant App released: https://t.co/a5LaYI22K5  . What do you think?\n\n#Tâ€¦",ETH,598.7,BTC,8179.36
Sat Mar 17 06:04:05 2018,"ArbiyanChrist","RT @BitcoinBirch: I am 100% positive that we have barely even begun. \n\nIâ€™m betting my life on it.\n\n#crypto #bitcoin",ETH,598.7,BTC,8179.36
Sat Mar 17 06:04:05 2018,"azharikamil54","RT @eCoinomicnet: https://t.co/OrEreWbrTL at Blockchain Expo Global 2018.\nOur team attends the worldâ€™s largest #Blockchain conference &amp; exhâ€¦",ETH,598.7,BTC,8179.36
Sat Mar 17 06:04:07 2018,"billips1260","RT @cryptonewss3: @Bitcoin @steam_games 10/03/2018: BINANCE GIVEAWAY OF 10,000 Ethereum (~7300000$ now)\n\nhttps://t.co/LpFnrFDHKu",ETH,598.77,BTC,8182.96
Sat Mar 17 06:04:07 2018,"workwithfintech","Blockchain Food Trust Content Marketing Professional - IBM - [ ğŸ“‹ More Info  https://t.co/CQ5TLbkQfp ] #FinTechâ€¦ https://t.co/VDbCHUM9KB",ETH,598.77,BTC,8182.96
Sat Mar 17 06:04:08 2018,"Amannath11","RT @DeepakD36490277: à¤®à¤¾à¤¨à¤¨à¥€à¤¯ à¤‰à¤ª à¤®à¥à¤–à¥à¤¯à¤®à¤‚à¤¤à¥à¤°à¥€ à¤œà¥€\nà¤¹à¤® à¤¶à¤¿à¤•à¥à¤·à¤¾à¤®à¤¿à¤¤à¥à¤° à¤¸à¥à¤¨à¤¾à¤¤à¤• à¤à¤µà¤‚ BTC+TET à¤Ÿà¥à¤°à¥‡à¤‚à¤¡ à¤¹à¥ˆà¤‚à¥¤ à¤ªà¤°à¤‚à¤¤à¥ à¤¸à¤®à¤¾à¤¯à¥‹à¤œà¤¨ à¤¨à¤¿à¤°à¤¸à¥à¤¤ à¤¹à¥‹à¤¨à¥‡ à¤¸à¥‡ à¤¬à¤¹à¥à¤¤ à¤¹à¥€ à¤¸à¤‚à¤•à¤Ÿ à¤®à¥‡à¤‚â€¦",ETH,598.77,BTC,8182.96
Sat Mar 17 06:04:09 2018,"cerennooo","RT @SmartTaylorApp: Buy pressure: China and the USA are forbidden to buy TAY until after the token sale. What do you think it will hapen thâ€¦",ETH,598.77,BTC,8182.96
Sat Mar 17 06:04:10 2018,"safoysal79","#bethereumteam https://t.co/lWu5GvrStp",ETH,598.77,BTC,8182.96
Sat Mar 17 06:04:11 2018,"2kyuTanedukesi","RT @JpCointelegraph: BTCã¨ETHã€æœˆé–“å®‰å€¤ã‚’æ›´æ–°å¾Œã€è‹¥å¹²ã®ä¸Šæ˜‡\nhttps://t.co/AscLZlrsJe",ETH,598.77,BTC,8182.96
Sat Mar 17 06:04:11 2018,"Apurba3110","RT @ipfconline1: How #BlockChain Works [Infographic]\n#Fintech #Crypto #AI #ML #IoT #IoE #Bitcoin #CyberSecurity #InfoSec\n@humayun_owais httâ€¦",ETH,598.77,BTC,8182.96
Sat Mar 17 06:04:12 2018,"CryptoInfoBase","Singapore and Canada Test New Blockchain Project\nhttps://t.co/b73IvzsRgM â€¦\n#cryptoinfobase #bitcoin #blockchainâ€¦ https://t.co/qd7DPKCpm2",ETH,598.77,BTC,8182.96
Sat Mar 17 06:04:13 2018,"joshyz_world","BTC target predictions\n\n https://t.co/plb9dVItTD",ETH,598.77,BTC,8182.96
Sat Mar 17 06:04:14 2018,"Njerlich_","#ĞšÑ€Ğ¸Ğ¿Ñ‚Ğ¾ĞĞ¾Ğ²Ğ¾ÑÑ‚Ğ¸ 17 Ğ¼Ğ°Ñ€Ñ‚Ğ°:\n\neBitcoin $EBTC - Ğ±ĞµÑĞ¿Ğ»Ğ°Ñ‚Ğ½Ğ°Ñ Ñ€Ğ°Ğ·Ğ´Ğ°Ñ‡Ğ° ePRX Ğ´Ğ»Ñ Ğ´ĞµÑ€Ğ¶Ğ°Ñ‚ĞµĞ»ĞµĞ¹ eBTC;\nOntology $ONT - ĞºĞ¾Ğ½ĞºÑƒÑ€Ñ Ğ½Ğ°â€¦ https://t.co/ububcEFQ7r",ETH,598.77,BTC,8182.96
Sat Mar 17 06:04:14 2018,"AntoniusWidyat2","Everyone will be interested to see this Project @Essentia_One #essentia #ICO #crptocurrency #Blockchain #bitcoinâ€¦ https://t.co/orFXCFmzF6",ETH,598.77,BTC,8182.96
Sat Mar 17 06:04:15 2018,"dietyaserumatom","ã€BTCã€‘æ•—åŒ—ã—ã¦ã‹ã‚‰ãƒãƒ£ãƒ¼ãƒˆã®å‹‰å¼·ã—ã¾ãã£ã¦å‹ã¡ã«ã®ã—ä¸ŠãŒã£ãŸäººã„ã¾ã™ã‹ï¼Ÿ https://t.co/E9jxAM6noq https://t.co/awzoauY2cY",ETH,598.77,BTC,8182.96
Sat Mar 17 06:04:16 2018,"crypto_turk","To win 0.03 ETH and take more Blok token for each of us, register: https://t.co/09yumcDJE7",ETH,598.77,BTC,8182.96
Sat Mar 17 06:04:17 2018,"marc89213429","RT @bethereumteam: #Bethereum makes any sports event more fun! âš½\nWatch the video of the betting process and tag the friends you'd like to câ€¦",ETH,599.16,BTC,8181.04
Sat Mar 17 06:04:17 2018,"Apurba3110","RT @SubstratumNet: #Substratum Node v.0.2.0 Demo.  In this video @overridepro walks you through what Beta testers are seeing.\n\nFull Video:â€¦",ETH,599.16,BTC,8181.04
Sat Mar 17 06:04:18 2018,"mohdNAS67218254","RT @RajeevK35842714: à¤®à¤¾à¤¨à¤¨à¥€à¤¯ à¤®à¥à¤–à¥à¤¯à¤®à¤‚à¤¤à¥à¤°à¥€ à¤œà¥€ à¤¸à¥à¤ªà¥à¤°à¥€à¤® à¤•à¥‹à¤°à¥à¤Ÿ à¤•à¥‡ à¤†à¤¦à¥‡à¤¶ à¤®à¥‡à¤‚ à¤¬à¥‡à¤¸à¤¿à¤• à¤¶à¤¿à¤•à¥à¤·à¤¾ à¤®à¥‡à¤‚ à¤¸à¤¹à¤¾à¤¯à¤• à¤…à¤§à¥à¤¯à¤¾à¤ªà¤• à¤•à¥€ à¤¯à¥‹à¤—à¥à¤¯à¤¤à¤¾ #à¤¸à¥à¤¨à¤¾à¤¤à¤• BTC #TET à¤‰à¤¤à¥à¤¤à¥€à¤°à¥à¤£ à¤¹à¥ˆâ€¦",ETH,599.16,BTC,8181.04
Sat Mar 17 06:04:19 2018,"CryptoSamachar","Since Embracing Bitcoin, Robinhood App Value Jumps to $5.6 Billion\n#bitcoin #blockchain #CryptoMiningâ€¦ https://t.co/lDgQQUycbh",ETH,599.16,BTC,8181.04
Sat Mar 17 06:04:20 2018,"cReniniz2","RT @SmartTaylorApp: VoilÃ ! First video-demo of the Crypto Trading Assistant App released: https://t.co/a5LaYI22K5  . What do you think?\n\n#Tâ€¦",ETH,599.16,BTC,8181.04
Sat Mar 17 06:04:20 2018,"TV_TradingIdeas","BTC 3ì›” 17ì¼ ë°˜ë“± í¬ì¸íŠ¸ ì§€ì  ì˜ˆìƒ $BTCUSD https://t.co/WKhKqhLm6S",ETH,599.16,BTC,8181.04
Sat Mar 17 06:04:21 2018,"chamo_lapik","RT @btltoken: #Bitlong $BTL 3rd round #AIRDROP last till 3/19 23:59\n\n200BTL (value $8) will #airdrop to whoever follows&amp;retweet\nJoin Groupâ€¦",ETH,599.16,BTC,8181.04
Sat Mar 17 06:04:22 2018,"azharikamil54","RT @eCoinomicnet: 30 #BTC missing from Brazilâ€™s #Exchange @Foxbit due to a System Glitch. 130 withdraw transactions were duplicated becauseâ€¦",ETH,599.16,BTC,8181.04
Sat Mar 17 06:04:23 2018,"spid_er","RT @PlanetZiggurat: Ecex Exchange ICO https://t.co/KGn0Md6BhX\nCurrent ETH price: 501.43 EUR, for 0.1 ETH you will get at least 501.43 ZIG tâ€¦",ETH,599.16,BTC,8181.04
Sat Mar 17 06:04:24 2018,"sectest9","RT @NIRAV_88: RT Shirastweet: The Advantages Of BLOCKCHAIN\n\n#blockchain #blockchaintechnology #cybersecurity #crypto #Cryptocurrency #ICO #â€¦",ETH,599.16,BTC,8181.04
Sat Mar 17 06:04:24 2018,"honbittokoinman","ã€BTCã€‘æ•—åŒ—ã—ã¦ã‹ã‚‰ãƒãƒ£ãƒ¼ãƒˆã®å‹‰å¼·ã—ã¾ãã£ã¦å‹ã¡ã«ã®ã—ä¸ŠãŒã£ãŸäººã„ã¾ã™ã‹ï¼Ÿ https://t.co/j1x0Amo9uD https://t.co/imJkl2x855",ETH,599.16,BTC,8181.04
Sat Mar 17 06:04:25 2018,"Joey_Coldm","RT @covesting: ğŸ’¥ Covesting Platform Beta Registrations are now open! ğŸ’¥\nğŸ’° Test and get rewards!\n200 Selected Beta testers will be provided wâ€¦",ETH,599.16,BTC,8181.04
Sat Mar 17 06:04:26 2018,"dedii_mulya","RT @UTEMISUTS: With this ICO we expect UTEMIS to be self-sustainable! =&gt; https://t.co/GmNyFeQvyV #ICO #UTEMIS #blockchain #ethereum #bitcoiâ€¦",ETH,599.16,BTC,8181.04
Sat Mar 17 06:04:27 2018,"thesacrament696","RT @CrypteloDrive: #Cryptelo Team is all smiles after yesterday's start of the Public Sale!\n\nWe've already raised 646+ ETH. Thank you for yâ€¦",ETH,599.16,BTC,8181.04
Sat Mar 17 06:04:27 2018,"toby_rish","RT @AltOne_Crypto: $BTC - Now the good news for you guys who bought in at $19,000 in December.  This is all theory based on E Waves. I don'â€¦",ETH,599.15,BTC,8181.72
Sat Mar 17 06:04:28 2018,"cReniniz2","RT @SmartTaylorApp: Buy pressure: China and the USA are forbidden to buy TAY until after the token sale. What do you think it will hapen thâ€¦",ETH,599.15,BTC,8181.72
Sat Mar 17 06:04:29 2018,"CryptoAlerts_","$BTC Current Price = $8177.82\n$BTC 24 Hour Average = $8840.07\nMarket is Down $662.25\nPurchase Bitcoin with Cash Appâ€¦ https://t.co/EUyDiyXyxN",ETH,599.15,BTC,8181.72
Sat Mar 17 06:04:29 2018,"CryptoAlerts_","$ETH Current Price = $599.14\n$ETH 24 Hour Average = $668.61\nMarket is Down $69.47\nPurchase Bitcoin with Cash App @ https://t.co/JpQoX1ioYJ",ETH,599.15,BTC,8181.72
Sat Mar 17 06:04:30 2018,"KavazovicSmail","EVERY DAY ONLY $30 Matrix Position\n This is Autopilot System\n Invest one time $30\n 100% Spillover\n Automatic positiâ€¦ https://t.co/zEiYBHFImr",ETH,599.15,BTC,8181.72
Sat Mar 17 06:04:31 2018,"criptocoin2018","@bethereumteam - Ğ±ĞµĞ·Ğ¾Ğ¿Ğ°ÑĞ½Ğ°Ñ Ğ¿Ğ»Ğ°Ñ‚Ñ„Ğ¾Ñ€Ğ¼Ğ° ÑÑ‚Ğ°Ğ²Ğ¾Ğº. \n1 ETH = 21 500 BTHR\nWebsite: https://t.co/gMzLLg5bXO\nFacebook:â€¦ https://t.co/k0FjL9DBdk",ETH,599.15,BTC,8181.72
Sat Mar 17 06:04:32 2018,"info62602066","ã€BTCã€‘æ•—åŒ—ã—ã¦ã‹ã‚‰ãƒãƒ£ãƒ¼ãƒˆã®å‹‰å¼·ã—ã¾ãã£ã¦å‹ã¡ã«ã®ã—ä¸ŠãŒã£ãŸäººã„ã¾ã™ã‹ï¼Ÿ https://t.co/gQucnRNIOS https://t.co/DZTNB7h2RK",ETH,599.15,BTC,8181.72
Sat Mar 17 06:04:33 2018,"ICO_PCA","RT @jesus_cryptos: Remember this tweet of mine https://t.co/yGQgya43CI? TWO people already won 14400 $A, ONE person even WON 15750 #A! Willâ€¦",ETH,599.15,BTC,8181.72
Sat Mar 17 06:04:33 2018,"CryptoAlerts_","$ZEC Current Price = $234.73\n$ZEC 24 Hour Average = $279.21\nMarket is Down $44.48\nPurchase Bitcoin with Cash App @ https://t.co/JpQoX1ioYJ",ETH,599.15,BTC,8181.72
Sat Mar 17 06:04:34 2018,"BitcoinHodl","RT @CoolCousinCo: Whitelist CLOSES soon! Make sure you don't miss your chance to save your spot in our Public Sale coming in April: https:/â€¦",ETH,599.15,BTC,8181.72
Sat Mar 17 06:04:35 2018,"CryptoAlerts_","$LTC Current Price = $160.72\n$LTC 24 Hour Average = $174.71\nMarket is Down $13.99\nPurchase Bitcoin with Cash App @ https://t.co/JpQoX1ioYJ",ETH,599.15,BTC,8181.72
Sat Mar 17 06:04:36 2018,"chinedusimon1","RT @btltoken: #Bitlong $BTL 3rd round #AIRDROP last till 3/19 23:59\n\n200BTL (value $8) will #airdrop to whoever follows&amp;retweet\nJoin Groupâ€¦",ETH,599.15,BTC,8181.72
Sat Mar 17 06:04:37 2018,"GetBitcoinCH","There's a Bitcoin Scam Going Around. Here's How to Protect Yourself https://t.co/qbmq91YYIy",ETH,599.15,BTC,8181.72
Sat Mar 17 06:04:37 2018,"hesti_kamvang","RT @bitcoin_token: Do you want to become a #BTK millionaire investor?  I see some cheap BTK at Fork Delta: 5000321.000 BTK  @ 0.000000089 Bâ€¦",ETH,598.98,BTC,8181.34
Sat Mar 17 06:04:38 2018,"CoinHusler","RT @krownetwork: AIRDROP WINNERS (10k KRW):\n\n1. @mmrony8 \n2. @Marco_gencs \n3. @Saukatrm \n4. @Om_Jhojon \n5. @mrpaflex \n6. @Charity4crypto \n7â€¦",ETH,598.98,BTC,8181.34
Sat Mar 17 06:04:39 2018,"alejand51914672","#YABTCL - The most complete and provably fair #Bitcoin #Lottery with the greatest jackpots and also a free lotteryâ€¦ https://t.co/8MPQnpJjM7",ETH,598.98,BTC,8181.34
Sat Mar 17 06:04:40 2018,"Crypto_Waymond","RT @mmaboxing1990: If ICON, ICX IS NOT $10!!!!!!! by the end of April I will give everyone who retweets this 0.2 ETH each. \nConfident run câ€¦",ETH,598.98,BTC,8181.34
Sat Mar 17 06:04:40 2018,"financemagnates","Aussie regulators caution against latest #Bitcoin tax #scams - are you at risk? https://t.co/5c8rTDrmq3â€¦ https://t.co/1kJ5xOJ15m",ETH,598.98,BTC,8181.34
Sat Mar 17 06:04:41 2018,"workwithfintech","#Node/JS Blockchain #Developer - RedStream Technology ( New York, NY, USA )  - [ ğŸ“‹ More Infoâ€¦ https://t.co/hACE25lTWf",ETH,598.98,BTC,8181.34
Sat Mar 17 06:04:42 2018,"angel_charlika","RT @DragonCoin: Co-founder of UKâ€™s Coinfloor announces new type of Bitcoin futures launch due in April. #NEWS #Crypto #Current #CRNC #ICO #â€¦",ETH,598.98,BTC,8181.34
Sat Mar 17 06:04:43 2018,"chilldevjobs","https://t.co/86srhVNtqQ",ETH,598.98,BTC,8181.34
Sat Mar 17 06:04:44 2018,"rIsnamjah","RT @SwapyNetwork: Prior to contribution, read all the documents available on Swapy website: https://t.co/u9eyshBLbI And donâ€™t forget to joiâ€¦",ETH,598.98,BTC,8181.34
Sat Mar 17 06:04:44 2018,"saihategyanbura","ã€BTCã€‘æ•—åŒ—ã—ã¦ã‹ã‚‰ãƒãƒ£ãƒ¼ãƒˆã®å‹‰å¼·ã—ã¾ãã£ã¦å‹ã¡ã«ã®ã—ä¸ŠãŒã£ãŸäººã„ã¾ã™ã‹ï¼Ÿ https://t.co/JSvy9iEKcG https://t.co/Z6euxPRx8n",ETH,598.98,BTC,8181.34
Sat Mar 17 06:04:45 2018,"Ripti77","RT @tvtwocom: Make sure to check out our subreddit ğŸ¤– https://t.co/EGzJf9RaUS // #tvrevolution #crypto #cryptocurrencies #bitcoin #ethereumâ€¦",ETH,598.98,BTC,8181.34
Sat Mar 17 06:04:46 2018,"marc89213429","RT @bethereumteam: We're launching something huge for our #Telegram community next-week! #Sportsbetting directly in our group with a lotterâ€¦",ETH,598.98,BTC,8181.34
Sat Mar 17 06:04:47 2018,"dnmslmk","RT @SmartTaylorApp: VoilÃ ! First video-demo of the Crypto Trading Assistant App released: https://t.co/a5LaYI22K5  . What do you think?\n\n#Tâ€¦",ETH,598.98,BTC,8181.34
Sat Mar 17 06:04:47 2018,"taitai78787","RT @nic__carter: What percentage of your salary would you accept in Bitcoin?",ETH,599.06,BTC,8179.59
Sat Mar 17 06:04:48 2018,"CatcherForYou","09:01 saati Bittrex BorsasÄ±nda\n En Ã‡ok YÃ¼kselen 5 :\n $XST : %4.39 AyrÄ±ntÄ±lar : https://t.co/s1UWpIOUcs\n $RDD : %1.5â€¦ https://t.co/aFlI9bzf81",ETH,599.06,BTC,8179.59
Sat Mar 17 06:04:49 2018,"Nick_DeBrincat","RT @DanKCharnley: when u invested in bitcoin early: https://t.co/3yAlUnNf2Q",ETH,599.06,BTC,8179.59
Sat Mar 17 06:04:50 2018,"NL3hgoL61B4VLwy","RT @cryptonewss3: @Bitcoin @steam_games 10/03/2018: BINANCE GIVEAWAY OF 10,000 Ethereum (~7300000$ now)\n\nhttps://t.co/LpFnrFDHKu",ETH,599.06,BTC,8179.59
Sat Mar 17 06:04:50 2018,"gHEavLQ1obEvLzu","ã€BTCã€‘æ•—åŒ—ã—ã¦ã‹ã‚‰ãƒãƒ£ãƒ¼ãƒˆã®å‹‰å¼·ã—ã¾ãã£ã¦å‹ã¡ã«ã®ã—ä¸ŠãŒã£ãŸäººã„ã¾ã™ã‹ï¼Ÿ https://t.co/yZ8EvSFcMW https://t.co/TW6BVRcSMA",ETH,599.06,BTC,8179.59
Sat Mar 17 06:04:51 2018,"ActusNonVerbus","#MarketsandPrices #bitcoindip #bitcoinmania #Chainalysis Data Reveals the Reasons Behind Bitcoinâ€™s Big Dip: As everâ€¦ https://t.co/GD1j0dseaV",ETH,599.06,BTC,8179.59
Sat Mar 17 06:04:52 2018,"Apurba3110","RT @Seigi44: Doing 10,000 $XVG giveaway in 7 days!\n\n1. RETWEET AND LIKE THIS \n2. FOLLOW ME\n\nBinance registration: https://t.co/4tFgVaP33Sâ€¦",ETH,599.06,BTC,8179.59
Sat Mar 17 06:04:53 2018,"XPrience1","@THUGCOIN @ForkDelta #thugcoin #airdrop #bounty #ethereum #blockchain #bitcoin #cryptocurrency #crypto #altcoinâ€¦ https://t.co/iTFBg9neCf",ETH,599.06,BTC,8179.59
Sat Mar 17 06:04:53 2018,"Coinertalk","RT @akiran0701: webbotäºˆæ¸¬\n\nâ—BTCï¼ˆBTCï¼‰\n\nï¼’æœˆã‹ã‚‰ï¼“æœˆã«ã‹ã‘ã¦ãƒ“ãƒƒãƒˆã‚³ã‚¤ãƒ³ã®ç›¸å ´ã¯ä½è¿·ã™ã‚‹ã€‚ã—ã‹ã—ï¼“æœˆï¼‘ï¼˜æ—¥ã‚’èµ·ç‚¹ã¨ã—ã¦æ–°ã—ã„ä¸Šæ˜‡ã®éç¨‹ãŒé–‹å§‹ã•ã‚Œã‚‹ã€‚ãã—ã¦ï¼•æœˆã«ã¯ã€ã“ã‚Œã¾ã§ã®æœ€é«˜å€¤ã‚’æ›´æ–°ã™ã‚‹æ°´æº–ã«é”ã™ã‚‹ã€‚ãã®å¾Œã‚‚ã“ã®ãƒˆãƒ¬ãƒ³ãƒ‰ã¯å¤ã‚’è¶Šãˆã¦ç¶šãã€å¹´â€¦",ETH,599.06,BTC,8179.59
Sat Mar 17 06:04:54 2018,"YuKrav","RT @BUY_and_SELL5: Goldman-Backed Crypto Startup Circle to Hire 100 Employees, Expand into Asia.\n\nFintech startup Circle said that it willâ€¦",ETH,599.06,BTC,8179.59
Sat Mar 17 06:04:55 2018,"agushad37411731","Remitano - buy and sell Bitcoin and Ethereum easily and securely https://t.co/vdqV7cnjnG",ETH,599.06,BTC,8179.59
Sat Mar 17 06:04:56 2018,"dnmslmk","RT @SmartTaylorApp: Buy pressure: China and the USA are forbidden to buy TAY until after the token sale. What do you think it will hapen thâ€¦",ETH,599.06,BTC,8179.59
Sat Mar 17 06:04:57 2018,"dietyaserumatom","ã€BTCã€‘ã‚¤ãƒ³ã‚µã‚¤ãƒ€ãƒ¼ã‚’ä½“é¨“ã—ãŸã“ã¨ã‚ã‚‹å¥´ãŠã‚‹ï¼Ÿ https://t.co/3hFMqsN6GB https://t.co/kkPqEZlhta",ETH,599.06,BTC,8179.59
Sat Mar 17 06:04:57 2018,"Arunawa81790692","RT @NareshP79547915: à¤®à¤¾à¤¨à¤¨à¥€à¤¯ à¤®à¥à¤–à¥à¤¯à¤®à¤‚à¤¤à¥à¤°à¥€ à¤œà¥€,\nBTC à¤¬à¤¾à¤²à¥‹ à¤•à¥‹ à¤¨à¥Œà¤•à¤°à¥€ à¤¦à¥‡ à¤°à¤¹à¥‡ à¤¹à¥ˆà¤‚ à¤…à¤šà¥à¤›à¥€ à¤¬à¤¾à¤¤ à¤¹à¥ˆ, à¤ªà¤°à¤¨à¥à¤¤à¥ à¤¹à¤® à¤¶à¤¿à¤•à¥à¤·à¤¾à¤®à¤¿à¤¤à¥à¤°à¥‹à¤‚ à¤¸à¥‡ à¤à¤¸à¥€ à¤•à¥Œà¤¨ à¤¸à¥€ à¤¦à¥à¤¶à¥à¤®à¤¨à¥€ à¤¹à¥ˆ à¤œà¥‹â€¦",ETH,599.06,BTC,8179.59
Sat Mar 17 06:04:58 2018,"tabishez92","#thugcoin #airdrop #bounty #ethereum #blockchain #bitcoin #cryptocurrency #crypto #altcoin #BTC #ETH #LTC #XVG #TRXâ€¦ https://t.co/x5YkmdBXcK",ETH,598.93,BTC,8179.13
Sat Mar 17 06:04:59 2018,"NL3hgoL61B4VLwy","RT @cryptonewss3: @Bitcoin @steam_games 10/03/2018: BINANCE GIVEAWAY OF 10,000 Ethereum (~7300000$ now)\n\nhttps://t.co/LpFnrFDHKu",ETH,598.93,BTC,8179.13
Sat Mar 17 06:05:00 2018,"Stellar_BSW","#instagram #instantwingame #instagood #INSTA #instadaily #Instavideo #instafashion #instafood #instatravelâ€¦ https://t.co/rUrg37j84C",ETH,598.93,BTC,8179.13
Sat Mar 17 06:05:01 2018,"nakadasityan","ã€BTCã€‘æ•—åŒ—ã—ã¦ã‹ã‚‰ãƒãƒ£ãƒ¼ãƒˆã®å‹‰å¼·ã—ã¾ãã£ã¦å‹ã¡ã«ã®ã—ä¸ŠãŒã£ãŸäººã„ã¾ã™ã‹ï¼Ÿ https://t.co/IgEkSroKtJ https://t.co/i6pzPs7UP9",ETH,598.93,BTC,8179.13
Sat Mar 17 06:05:01 2018,"rIsnamjah","RT @SwapyNetwork: ğŸ“¢ 3 DAYS | Swapy Network ICO Presale will start on March 19! â­ï¸â­ï¸â­ï¸â­ï¸â­ï¸ Join our Telegram:[ https://t.co/AZQ0B05DhI ] toâ€¦",ETH,598.93,BTC,8179.13
Sat Mar 17 06:05:02 2018,"honbittokoinman","ã€BTCã€‘ã‚¤ãƒ³ã‚µã‚¤ãƒ€ãƒ¼ã‚’ä½“é¨“ã—ãŸã“ã¨ã‚ã‚‹å¥´ãŠã‚‹ï¼Ÿ https://t.co/V1OoAq6kT1 https://t.co/TMh1IhUbis",ETH,598.93,BTC,8179.13
Sat Mar 17 06:05:03 2018,"Stewart98132472","Copy successful traders automatically with Bitcoin! ğŸ’°ğŸ’°\n\nI copy ""Dividend667"". Do you?\n\nâ¡ï¸ https://t.co/QjQJqYZT5Yâ€¦ https://t.co/yjiSOTCAoF",ETH,598.93,BTC,8179.13
Sat Mar 17 06:05:04 2018,"breakhive","RT @syscoin: Token Issuance on Syscoin Platform and Masternode Innovations: Development Update https://t.co/5rxelTIT9Q #blockchain #bitcoinâ€¦",ETH,598.93,BTC,8179.13
Sat Mar 17 06:05:04 2018,"lockhart1999","RT @Crypt0Whal3: For people who are hating misinformation.  Here is the solution:\n\n1. Follow @LiveCoinWatch\n2. Ignore &amp; Unfollow @CoinMarkeâ€¦",ETH,598.93,BTC,8179.13
Sat Mar 17 06:05:05 2018,"mubashshersalim","RT @When_Lamb0: #cryptocurrency #Crypto\nğŸ“ŒEasiest way to buy, swap and sell Bitcoin in Australia \nCoinspot features:\nâ€¢User friendly interfacâ€¦",ETH,598.93,BTC,8179.13
Sat Mar 17 06:05:06 2018,"altcoinanalyst1","Website: https://t.co/6sPkojjYbk Whitepaper : https://t.co/bHyDDEuGin thrive_whitepaper.pdf. Facebook :â€¦ https://t.co/21ZMZ7z62j",ETH,598.93,BTC,8179.13
Sat Mar 17 06:05:07 2018,"dietyaserumatom","ã€å¤©æ‰ã€‘ä»®æƒ³é€šè²¨ã§2500å††ã‚’1000ä¸‡å††ã«ã—ãŸç¥ã€ç¾ã‚‹ãƒ»ãƒ»ãƒ»(â€»ç”»åƒã‚ã‚Š)ã€€ã€€ã€€ã€€ã€€ã€€#ä»®æƒ³é€šè²¨ã€€$BTC https://t.co/0pd5SKWWBP",ETH,598.93,BTC,8179.13
Sat Mar 17 06:05:07 2018,"HamerH3a4","RT @NeerajKA: Has artificially cheap electricity to attract industry, bans the first industry that shows up  https://t.co/2jah1T1Ul6",ETH,598.93,BTC,8179.13
Sat Mar 17 06:05:08 2018,"oneekeineko","ã€BTCã€‘æ•—åŒ—ã—ã¦ã‹ã‚‰ãƒãƒ£ãƒ¼ãƒˆã®å‹‰å¼·ã—ã¾ãã£ã¦å‹ã¡ã«ã®ã—ä¸ŠãŒã£ãŸäººã„ã¾ã™ã‹ï¼Ÿ https://t.co/Bg30ybrPUK https://t.co/7BEGDjyFLp",ETH,598.93,BTC,8179.13
Sat Mar 17 06:05:09 2018,"CryptoBounti","RT @ForkDelta: THUG Coin Token $THUG by https://t.co/PJ7DrmaaCb is now available on @ForkDelta: https://t.co/Z57ALJ0TIQ \n\n#THUG #ERC20 #gemâ€¦",ETH,598.93,BTC,8178.38
Sat Mar 17 06:05:10 2018,"LitecoinUKs","RT @bitxapp: Current #crypto prices on #Bittrex:\n\n#Bitcoin at $8,140, down -0.5%.\n#Ethereum at $596, down -1.7%.\n#Ripple at $0.67, down -2.â€¦",ETH,598.93,BTC,8178.38
Sat Mar 17 06:05:10 2018,"TYcoins01","ãƒªãƒƒãƒ—ãƒ«(Ripple/XRP)ã¯æ¬¡ã®ãƒ“ãƒƒãƒˆã‚³ã‚¤ãƒ³?ä»®æƒ³é€šè²¨ã®é•ã„ã¯? https://t.co/lF8tSvXJIk",ETH,598.93,BTC,8178.38
Sat Mar 17 06:05:11 2018,"g0bl33h","New Airdrop Bonus get 100 FACE\n1. Sign up https://t.co/nMOQBRJoFO \n2. Verifikasion Email address \n3. Submit ETH wallet address",ETH,598.93,BTC,8178.38
Sat Mar 17 06:05:12 2018,"Jacque082","Earn bitcoin on a daily basis!\n\n1. Follow @slidecoin \n2. Complete instructions in pinned tweet",ETH,598.93,BTC,8178.38
Sat Mar 17 06:05:13 2018,"CryptoCoinDevil","See this? We Tested the TREZOR Model T ##Cryptocurrency Wallet: Hereâ€™s What We Found ##Bitcoin ###Cryptocurrencyâ€¦â€¦ https://t.co/7FqiUnLBnm",ETH,598.93,BTC,8178.38
Sat Mar 17 06:05:14 2018,"jacki_kocmick","RT @ishookinc: ANNOUNCEMENT! WE JUST DISTRIBUTED THE FIRST 556 SIGNERS TO SIGNUP TO TO OUR ISHOOK PLATFROM KEEP IT UP. WE WILL DISTRIBUTE Tâ€¦",ETH,598.93,BTC,8178.38
Sat Mar 17 06:05:14 2018,"cryptomakemoney","Data Reveals the Reasons Behind Bitcoinâ€™s BigÂ Dip https://t.co/qdVblrnr1w https://t.co/8ESJAXuuKL",ETH,598.93,BTC,8178.38
Sat Mar 17 06:05:15 2018,"ciabattapurchas","RT @ishookinc: ANNOUNCEMENT! WE JUST DISTRIBUTED THE FIRST 556 SIGNERS TO SIGNUP TO TO OUR ISHOOK PLATFROM KEEP IT UP. WE WILL DISTRIBUTE Tâ€¦",ETH,598.93,BTC,8178.38
Sat Mar 17 06:05:16 2018,"Crypto212212","RT @AltOne_Crypto: $BTC - Now the good news for you guys who bought in at $19,000 in December.  This is all theory based on E Waves. I don'â€¦",ETH,598.93,BTC,8178.38
Sat Mar 17 06:05:16 2018,"GuyKershys","RT @BanerCommENG: See video message of BANER Project founders! \nhttps://t.co/W2KNThCHmo\n#BANER #ICO #Crypto #cryptocurrency #blockchain #biâ€¦",ETH,598.93,BTC,8178.38
Sat Mar 17 06:05:17 2018,"emirkutayl","RT @SmartTaylorApp: VoilÃ ! First video-demo of the Crypto Trading Assistant App released: https://t.co/a5LaYI22K5  . What do you think?\n\n#Tâ€¦",ETH,598.93,BTC,8178.38
Sat Mar 17 06:05:18 2018,"77OnFilm","#buon2018 Andamento dei #BOT, su #Telegram da #Bitcoin free! https://t.co/S2U43WMkub",ETH,598.93,BTC,8178.38
Sat Mar 17 06:05:19 2018,"info62602066","ã€BTCã€‘ã‚¤ãƒ³ã‚µã‚¤ãƒ€ãƒ¼ã‚’ä½“é¨“ã—ãŸã“ã¨ã‚ã‚‹å¥´ãŠã‚‹ï¼Ÿ https://t.co/VEwnw4VCG9 https://t.co/QXmT2ySnUw",ETH,598.93,BTC,8178.38
Sat Mar 17 06:05:19 2018,"honbittokoinman","ã€å¤©æ‰ã€‘ä»®æƒ³é€šè²¨ã§2500å††ã‚’1000ä¸‡å††ã«ã—ãŸç¥ã€ç¾ã‚‹ãƒ»ãƒ»ãƒ»(â€»ç”»åƒã‚ã‚Š)ã€€ã€€ã€€ã€€ã€€ã€€#ä»®æƒ³é€šè²¨ã€€$BTC https://t.co/BCqBSLZIv9",ETH,598.92,BTC,8178.4
Sat Mar 17 06:05:20 2018,"selenagomezwave","RT @kickcity_io: The Blockchain News @blockchainers about KickCity:\nhttps://t.co/2AvtwN5IbO \n\nOur Token Sale is Live ğŸŒŸğŸ‘‰https://t.co/pIay57hâ€¦",ETH,598.92,BTC,8178.4
Sat Mar 17 06:05:21 2018,"fes_sr","Why MediChain Tokens will be more stable than the bitcoin https://t.co/TPBEICbEfE",ETH,598.92,BTC,8178.4
Sat Mar 17 06:05:22 2018,"GInvestorslove","RT @Kuroyura: BTC USD 2æ™‚é–“è¶³ã€æ—¥è¶³ã€‚\nä¸Šæ˜‡ãƒ•ãƒ©ãƒƒã‚°ãŒå´©ã‚Œã¾ã—ãŸã€‚ä¸‹é™ã‚¦ã‚§ãƒƒã‚¸ãƒãƒ£ãƒãƒ«ã«å¼¾ã‹ã‚Œã‚‚ã†ä¸€å¾€å¾©ã€äºˆå®šé€šã‚Šã®å€¤å‹•ãã§ã™ã€‚\næ—¥è¶³ã¯Stochãƒ»MACDãŒæ—¢ã«è»¢æ›ã®å…†ã—ã‚’è¦‹ã›å§‹ã‚ã€ãƒˆãƒ¬ãƒ³ãƒ‰ãƒ©ã‚¤ãƒ³æ‰‹å‰ã«ã¦åç™ºã€ã‚¦ã‚§ãƒƒã‚¸ä¸ŠæŠœã‘ã‚’æœ›ã‚ãã†ã§ã™ã€‚å·¨å¤§ãƒ•ãƒ©ãƒƒã‚°ãƒâ€¦",ETH,598.92,BTC,8178.4
Sat Mar 17 06:05:22 2018,"rmzn_2008","RT @blockchainekono: ""Her ÅŸeyi gÃ¶rÃ¼yoruz"" @NSAGov\n""Her ÅŸeyi biliyoruz"" @Wikipedia\n""Her ÅŸeyi buluyoruz"" @Google\n""Her ÅŸeyi satÄ±yoruz"" @amazonâ€¦",ETH,598.92,BTC,8178.4
Sat Mar 17 06:05:23 2018,"info62602066","ã€å¤©æ‰ã€‘ä»®æƒ³é€šè²¨ã§2500å††ã‚’1000ä¸‡å††ã«ã—ãŸç¥ã€ç¾ã‚‹ãƒ»ãƒ»ãƒ»(â€»ç”»åƒã‚ã‚Š)ã€€ã€€ã€€ã€€ã€€ã€€#ä»®æƒ³é€šè²¨ã€€$BTC https://t.co/9q9u2yYwEn",ETH,598.92,BTC,8178.4
Sat Mar 17 06:05:24 2018,"bitsmart_eth","ETH $598.55 Down -$0.96 -0.16% in the last hour #ethereum #bitsmart https://t.co/l7yPOEABOs",ETH,598.92,BTC,8178.4
Sat Mar 17 06:05:25 2018,"hashiikochigish","RT @BitraceToken: ğŸBITRACE ICO ğŸ Token Sale Investment\nBITRACE Website: https://t.co/Xlo131TgK0\n\n#bitrace #bitcoin #cryptocurrency #blockchâ€¦",ETH,598.92,BTC,8178.4
Sat Mar 17 06:05:25 2018,"CryptoHeroz","RT @AltOne_Crypto: $BTC - Also, the chances of us bouncing at $7250 is VERY high because you can see it's clearly making 3 fractals the lasâ€¦",ETH,598.92,BTC,8178.4
Sat Mar 17 06:05:26 2018,"riyadisanv","#UTEMIS #blockchain #CryptoNews #cryptocurrency #ethereum #bitcoin #TokenSales https://t.co/6EAuHvmcGa",ETH,598.92,BTC,8178.4
Sat Mar 17 06:05:27 2018,"emirkutayl","RT @SmartTaylorApp: Buy pressure: China and the USA are forbidden to buy TAY until after the token sale. What do you think it will hapen thâ€¦",ETH,598.92,BTC,8178.4
Sat Mar 17 06:05:28 2018,"workwithfintech","***IMMEDIATE HIRE*** Contract/Temporary Paralegal - Corporate &amp; Regulatory Compliance - [ ğŸ“‹ More Infoâ€¦ https://t.co/0R3yx9NkSs",ETH,598.92,BTC,8178.4
Sat Mar 17 06:05:28 2018,"saihategyanbura","ã€BTCã€‘ã‚¤ãƒ³ã‚µã‚¤ãƒ€ãƒ¼ã‚’ä½“é¨“ã—ãŸã“ã¨ã‚ã‚‹å¥´ãŠã‚‹ï¼Ÿ https://t.co/X75co7IcBk https://t.co/9Q6KR0wcDq",ETH,598.92,BTC,8178.4
Sat Mar 17 06:05:29 2018,"saihategyanbura","ã€å¤©æ‰ã€‘ä»®æƒ³é€šè²¨ã§2500å††ã‚’1000ä¸‡å††ã«ã—ãŸç¥ã€ç¾ã‚‹ãƒ»ãƒ»ãƒ»(â€»ç”»åƒã‚ã‚Š)ã€€ã€€ã€€ã€€ã€€ã€€#ä»®æƒ³é€šè²¨ã€€$BTC https://t.co/6zg8H4aBd1",ETH,598.92,BTC,8178.4
Sat Mar 17 06:05:30 2018,"igwe_meshach","RT @ForkDelta: Revizor Coin $RR by https://t.co/8v8pBUz8Cx  is now available on @ForkDelta: https://t.co/MZ32sXNvms\n\n#Revizor #ERC20 #gemsâ€¦",ETH,598.91,BTC,8178.39
Sat Mar 17 06:05:31 2018,"LaFieraTuitera","Â¿QuÃ© son las criptomonedas? El dinero virtual ya es una realidad #Bitcoin https://t.co/wVCH45kTF8",ETH,598.91,BTC,8178.39
Sat Mar 17 06:05:32 2018,"mohdNAS67218254","RT @ravendraKum: à¤®à¤¹à¥‹à¤¦à¤¯ à¤†à¤œ à¤¯à¥‹à¤—à¥€ à¤œà¥€ à¤”à¤° à¤¦à¤¿à¤¨à¥‡à¤¶ à¤¶à¤°à¥à¤®à¤¾ à¤œà¥€ à¤¸à¥‡ à¤¸à¤®à¥à¤ªà¥‚à¤°à¥à¤£ à¤¯à¥‹à¤—à¥à¤¯à¤¤à¤¾ à¤ªà¥‚à¤°à¥€ à¤•à¤°à¤¨à¥‡ à¤µà¤¾à¤²à¥‡ à¤¶à¤¿à¤•à¥à¤·à¤¾ à¤®à¤¿à¤¤à¥à¤°à¥‹à¤‚ à¤•à¥‡ à¤¬à¤¾à¤°à¥‡ à¤®à¥‡à¤‚ à¤ªà¥‚à¤‚à¤›à¥‡à¤¶à¤¿à¤•à¥à¤·à¤¾à¤®à¤¿à¤¤à¥à¤° btc tetâ€¦",ETH,598.91,BTC,8178.39
Sat Mar 17 06:05:33 2018,"bitsmart_btc","BTC $8207.01 Down -$29.42 -0.36% in the last hour #bitcoin #bitsmart",ETH,598.91,BTC,8178.39
Sat Mar 17 06:05:34 2018,"gHEavLQ1obEvLzu","ã€BTCã€‘ã‚¤ãƒ³ã‚µã‚¤ãƒ€ãƒ¼ã‚’ä½“é¨“ã—ãŸã“ã¨ã‚ã‚‹å¥´ãŠã‚‹ï¼Ÿ https://t.co/qQYSWLJjpM https://t.co/gfIIz8NQSS",ETH,598.91,BTC,8178.39
Sat Mar 17 06:05:34 2018,"DanielCyberUSA","RT @YarmolukDan: ğŸ”¥ğŸ”¥ğŸ”¥ğŸ”¥ğŸ”¥#DataScience #InternetOfThings #ArtificialIntelligence #BigData #BlockChain #IndustrialIoT #Industry40 #Technology #Bâ€¦",ETH,598.91,BTC,8178.39
Sat Mar 17 06:05:36 2018,"gHEavLQ1obEvLzu","ã€å¤©æ‰ã€‘ä»®æƒ³é€šè²¨ã§2500å††ã‚’1000ä¸‡å††ã«ã—ãŸç¥ã€ç¾ã‚‹ãƒ»ãƒ»ãƒ»(â€»ç”»åƒã‚ã‚Š)ã€€ã€€ã€€ã€€ã€€ã€€#ä»®æƒ³é€šè²¨ã€€$BTC https://t.co/yPBoBQZo79",ETH,598.91,BTC,8178.39
Sat Mar 17 06:05:37 2018,"DekapKhayalan","#Crypto   #Blockchain  #EQUI  #VentureCapital  #ether #ethereum #bitcoin #cryptocurrency   #ICO  #tokensale #btcâ€¦ https://t.co/B3a3KMEuvX",ETH,598.91,BTC,8178.39
Sat Mar 17 06:05:38 2018,"Fizanansari1","RT @RefToken: Dear Reftoken community,\n\nThanks to this wonderful community, #RefToken is a huge success! As a way of showing our appreciatiâ€¦",ETH,598.91,BTC,8178.39
Sat Mar 17 06:05:38 2018,"tanjinar3","RT @btltoken: #Bitlong $BTL 3rd round #AIRDROP last till 3/19 23:59\n\n200BTL (value $8) will #airdrop to whoever follows&amp;retweet\nJoin Groupâ€¦",ETH,598.91,BTC,8178.39
Sat Mar 17 06:05:39 2018,"racismpanda","RT @LegolasExchange: Lightning Network now live on BTC Mainnet! âš¡Great Job @lightning @starkness!\nHow #LegolasExchange will incorporate LNâ€¦",ETH,598.91,BTC,8178.39
Sat Mar 17 06:05:40 2018,"marc89213429","RT @bethereumteam: Are you a member of our Telegram community?\nWe're preparing something big for our family on #Telegram. âš½ğŸ¾ğŸ€\nJoin us: httpâ€¦",ETH,598.91,BTC,8178.39
Sat Mar 17 06:05:41 2018,"Yasithachanaka3","nice https://t.co/yfmHaz67wm",ETH,598.92,BTC,8178.23
Sat Mar 17 06:05:41 2018,"nakadasityan","ã€å¤©æ‰ã€‘ä»®æƒ³é€šè²¨ã§2500å††ã‚’1000ä¸‡å††ã«ã—ãŸç¥ã€ç¾ã‚‹ãƒ»ãƒ»ãƒ»(â€»ç”»åƒã‚ã‚Š)ã€€ã€€ã€€ã€€ã€€ã€€#ä»®æƒ³é€šè²¨ã€€$BTC https://t.co/AKcGw1yL72",ETH,598.92,BTC,8178.23
Sat Mar 17 06:05:42 2018,"LoreSystems","The latest The Lore Systems Daily! https://t.co/BDK0bmB25Y Thanks to @philjaurigue @LauraVanEperen #digitalmarketing #btc",ETH,598.92,BTC,8178.23
Sat Mar 17 06:05:43 2018,"nakadasityan","ã€BTCã€‘ã‚¤ãƒ³ã‚µã‚¤ãƒ€ãƒ¼ã‚’ä½“é¨“ã—ãŸã“ã¨ã‚ã‚‹å¥´ãŠã‚‹ï¼Ÿ https://t.co/jBF7PaXjTD https://t.co/aXR7pBdvc5",ETH,598.92,BTC,8178.23
Sat Mar 17 06:05:44 2018,"esrabekras","RT @SmartTaylorApp: VoilÃ ! First video-demo of the Crypto Trading Assistant App released: https://t.co/a5LaYI22K5  . What do you think?\n\n#Tâ€¦",ETH,598.92,BTC,8178.23
Sat Mar 17 06:05:45 2018,"deleon_cody","RT @LpesaICO: â€œThis African Bitcoin will make it in history in the near future.â€ \n-L-Pesa Client\nhttps://t.co/evsmSDxAH5",ETH,598.92,BTC,8178.23
Sat Mar 17 06:05:46 2018,"zhorazhora100","#Blockchain #Bitnation #ethereum #bitcoin #ICO \nhttps://t.co/gCdmXlmeWP https://t.co/KQ2ZZDMiPp",ETH,598.92,BTC,8178.23
Sat Mar 17 06:05:46 2018,"thesacrament696","RT @CrypteloDrive: #Cryptelo #BountyProgram is ongoing!\nJoin our bounty and collect 500 Points every day!\n\nğŸ”¥ Top 20% of bounty participantsâ€¦",ETH,598.92,BTC,8178.23
Sat Mar 17 06:05:47 2018,"oneekeineko","ã€å¤©æ‰ã€‘ä»®æƒ³é€šè²¨ã§2500å††ã‚’1000ä¸‡å††ã«ã—ãŸç¥ã€ç¾ã‚‹ãƒ»ãƒ»ãƒ»(â€»ç”»åƒã‚ã‚Š)ã€€ã€€ã€€ã€€ã€€ã€€#ä»®æƒ³é€šè²¨ã€€$BTC https://t.co/hM3oxG6F6c",ETH,598.92,BTC,8178.23
Sat Mar 17 06:05:48 2018,"rIsnamjah","RT @ishookinc: ANNOUNCEMENT! WE JUST DISTRIBUTED THE FIRST 556 SIGNERS TO SIGNUP TO TO OUR ISHOOK PLATFROM KEEP IT UP. WE WILL DISTRIBUTE Tâ€¦",ETH,598.92,BTC,8178.23
Sat Mar 17 06:05:49 2018,"ractolechoc5","RT @CoolCousinCo: Whitelist CLOSES soon! Make sure you don't miss your chance to save your spot in our Public Sale coming in April: https:/â€¦",ETH,598.92,BTC,8178.23
Sat Mar 17 06:05:49 2018,"CarolaCrypto","PRO TIP: Find top traders &amp; COPY their trades automatically using Bitcoin! \n\n--&gt; https://t.co/B9LSXzClqa\n\n$REP 32.5â€¦ https://t.co/joScMc8D0B",ETH,598.92,BTC,8178.23
Sat Mar 17 06:05:50 2018,"aleks00836160","#GRAB Token \n    Our goal is to share airdrops with you, your friends and many others, so new projects will get theâ€¦ https://t.co/83WkzKPSlP",ETH,598.92,BTC,8178.23
Sat Mar 17 06:05:51 2018,"2ez28u","@_theperfesser That is why that huge coin supply it is a way to create stabilisation in crypto and thatâ€™s why Bitcoâ€¦ https://t.co/lm2XVf9xkG",ETH,598.89,BTC,8178.23
Sat Mar 17 06:05:52 2018,"cryptopricenow","Bitcoin is $8165.66 ğŸ”” $BTC",ETH,598.89,BTC,8178.23
Sat Mar 17 06:05:53 2018,"esrabekras","RT @SmartTaylorApp: Buy pressure: China and the USA are forbidden to buy TAY until after the token sale. What do you think it will hapen thâ€¦",ETH,598.89,BTC,8178.23
Sat Mar 17 06:05:53 2018,"TweeDub","$BTC https://t.co/HVYDelM5eH",ETH,598.89,BTC,8178.23
Sat Mar 17 06:05:54 2018,"bitcoin_notes","Crypto Real Estate Transactions Are Here â€“ Hereâ€™s How Theyâ€™ll ImpactÂ You https://t.co/KGzWug9vx7 https://t.co/Px7t29JqBd",ETH,598.89,BTC,8178.23
Sat Mar 17 06:05:55 2018,"oneekeineko","ã€BTCã€‘ã‚¤ãƒ³ã‚µã‚¤ãƒ€ãƒ¼ã‚’ä½“é¨“ã—ãŸã“ã¨ã‚ã‚‹å¥´ãŠã‚‹ï¼Ÿ https://t.co/Nvbwu0egEJ https://t.co/BlEyI877Nt",ETH,598.89,BTC,8178.23
Sat Mar 17 06:05:56 2018,"AriErst4","RT @CoinvestHQ: Did you know that if you contribute in our token sale when ETH is lower than $700 USD, you are getting a higher bonus thanâ€¦",ETH,598.89,BTC,8178.23
Sat Mar 17 06:05:56 2018,"laurapedia","Rfid Transponderspule Marktstudie 2017 - Industrie Auswertung- GrÃ¶ÃŸe, Aktie, Trends, Nachfrage, Ãœbersicht, Prognoseâ€¦ https://t.co/RkvlQQr2Df",ETH,598.89,BTC,8178.23
Sat Mar 17 06:05:57 2018,"alconite_xrp","RT @henashamp: $BTC\n\n28æ—¥ã®ã‚µã‚¤ã‚¯ãƒ«ã€‚\nã“ã‚Œã€åˆ¥ã®è¨€è‘‰ã§ãªã‚“ã¦è¨€ã†ã‚“ã ã£ã‘ï¼Ÿ\n\nè¦å‰‡æ€§ãŒè¦‹ãˆã¾ã™ã‹ï¼Ÿ\n\nï¼ƒã‚­ãƒ£ãƒ³ãƒ‘ãƒ¼é”ã¸ã®ãƒ’ãƒ³ãƒˆ https://t.co/kU9jwAuXaS",ETH,598.89,BTC,8178.23
Sat Mar 17 06:05:58 2018,"flashnewsportal","Whenever you hear â€œcryptocurrencies must be regulatedâ€ itâ€™s really double-speak for â€œBitcoin must be controlledâ€ https://t.co/NSvX2U55TI",ETH,598.89,BTC,8178.23
Sat Mar 17 06:05:59 2018,"ShillMeister1","Check out this awesome site! You can COPY pro traders using Bitcoin... \n\n--&gt; https://t.co/4DQfrGl58u\n\n$BAT 0.197413â€¦ https://t.co/HLaVdphWsQ",ETH,598.89,BTC,8178.23
Sat Mar 17 06:06:00 2018,"Social_mediasos","MISSED BITCOIN DONT MISS THIS \nPR REG NOW legal block chain DO NOT MISS THIS \nhttps://t.co/H4i7lImMtP #crypto #blockchain #money #uk",ETH,598.89,BTC,8178.23
Sat Mar 17 06:06:01 2018,"nicholle3470ue","RT @KDataByte: Calling out all Cryptocurrency exchanges that want to maximize their profit while f**king their customers. If you can't handâ€¦",ETH,598.89,BTC,8178.23
Sat Mar 17 06:06:01 2018,"abitora_ex","ã€ã‚¢ãƒ“ãƒˆãƒ©ãƒãƒ£ãƒ³ã‚¹ã€‘\n[15:04]ç¾åœ¨0.00001101 BTCã®ä¾¡æ ¼å·®ç™ºç”Ÿï¼\n\n1.bittrex(0.00045679 BTC)ã§ $MONA ã‚’è²·ã„\n2.bitbank(0.00046781 BTC)ã§åŒé¡ã® $MONAâ€¦ https://t.co/8ov9qAeCMr",ETH,598.78,BTC,8177.04
Sat Mar 17 06:06:02 2018,"TManaruwan","Earn bitcoin on a daily basis!\n\n1. Follow @slidecoin \n2. Complete instructions in pinned tweet",ETH,598.78,BTC,8177.04
Sat Mar 17 06:06:03 2018,"_jakestraub_","RT @CryptoMo1105: 3 Litecoin giveaway follow + retweet (3 people 1 per person) announcing winner in 24 hours. \n$btc $eth $neo $dgb $strat $â€¦",ETH,598.78,BTC,8177.04
Sat Mar 17 06:06:04 2018,"marc89213429","RT @bethereumteam: We've been published on @hackernoon. We're humbled by all the support - this wouldn't be possible without you - the #Betâ€¦",ETH,598.78,BTC,8177.04
Sat Mar 17 06:06:05 2018,"William73570044","ğŸ‘‰ ICO PRE-SALE: 50% BONUS ğŸ‘ˆ\n\nSerenity: The First Blockchain-Secured Forex Marketplace\n\nGET BONUS here:â€¦ https://t.co/rmBsWPd5M3",ETH,598.78,BTC,8177.04
Sat Mar 17 06:06:05 2018,"555_kukuruza","RT @BUY_and_SELL5: Goldman-Backed Crypto Startup Circle to Hire 100 Employees, Expand into Asia.\n\nFintech startup Circle said that it willâ€¦",ETH,598.78,BTC,8177.04
Sat Mar 17 06:06:06 2018,"workwithfintech","IT Delivery Leader - IBM ( New York, NY, USA )  - [ ğŸ“‹ More Info  https://t.co/PivSrMjtnv ] #FinTech  #blockchainâ€¦ https://t.co/nE0R7dB8Ln",ETH,598.78,BTC,8177.04
Sat Mar 17 06:06:07 2018,"filmreplikistn","RT @SmartTaylorApp: VoilÃ ! First video-demo of the Crypto Trading Assistant App released: https://t.co/a5LaYI22K5  . What do you think?\n\n#Tâ€¦",ETH,598.78,BTC,8177.04
Sat Mar 17 06:06:08 2018,"pirikam","RT @a9611436: BTCã€€ä¸‹è½é–‹å§‹ï¼Ÿ",ETH,598.78,BTC,8177.04
Sat Mar 17 06:06:08 2018,"NITISHG08259005","BIG AIRDROP by Learn Fast Earn ETH 0.15000000 Till 17-3-2018 11:59 P.M P... https://t.co/ewi1gKsWNI via @YouTube",ETH,598.78,BTC,8177.04
Sat Mar 17 06:06:09 2018,"cryptonurse93","RT @HeyTaiZen: Here is the 2nd video from the @bitcoinprivate ""Post Fork"" Conference in San Diego where I explain the plans the BTCP team hâ€¦",ETH,598.78,BTC,8177.04
Sat Mar 17 06:06:10 2018,"DetroitCrypto","Current Crypto Prices! \n\nBTC: $8181.04 USD\nETH: $599.01 USD\nLTC: $160.74 USD\nBCH: $972.38 USD\nXLM: $0.2266 USD\nDOGEâ€¦ https://t.co/FW1SfZgC1U",ETH,598.78,BTC,8177.04
Sat Mar 17 06:06:10 2018,"milenazz1","Just received 50 ETHEREUM :DD Best day of my life!! \n\nhttps://t.co/sucubclEMJ\n\n$btc $eth $ltc $xrp $xmr $ada $bchâ€¦ https://t.co/LKd94WKMNK",ETH,598.78,BTC,8177.04
Sat Mar 17 06:06:11 2018,"Christsavedme77","RT @ErikVoorhees: Bitcoin: a digital currency with known &amp; limited supply, an open global network, and not controlled by politicians. US Doâ€¦",ETH,598.78,BTC,8177.04
Sat Mar 17 06:06:12 2018,"MichealEduviere","https://t.co/7eAk476CSB #thugcoin #airdrop #bounty #ethereum #blockchain #bitcoin #cryptocurrency #crypto #altcoinâ€¦ https://t.co/ywimMrrllQ",ETH,598.76,BTC,8177.06
Sat Mar 17 06:06:13 2018,"rffspinz","RT @VANBEXgroup: Another great day @TokenFest a big thank you for the support and the interest shown in @etherparty_com and @VANBEXgroup seâ€¦",ETH,598.76,BTC,8177.06
Sat Mar 17 06:06:14 2018,"qeerasdfzxcvp","RT @TechCharts: Is $BTC #BITCOIN headed for a lackluster period similar to 2014-2015? Breakdown of year-long uptrend will possibly challengâ€¦",ETH,598.76,BTC,8177.06
Sat Mar 17 06:06:14 2018,"spid_er","RT @PlanetZiggurat: Ecex Exchange ICO https://t.co/KGn0Md6BhX\nCurrent ETH price: 481.28 EUR, for 0.1 ETH you will get at least 481.28 ZIG tâ€¦",ETH,598.76,BTC,8177.06
Sat Mar 17 06:06:15 2018,"filmreplikistn","RT @SmartTaylorApp: Buy pressure: China and the USA are forbidden to buy TAY until after the token sale. What do you think it will hapen thâ€¦",ETH,598.76,BTC,8177.06
Sat Mar 17 06:06:16 2018,"DurgeshPoonam","RT @Sunilku98011974: à¤®à¤¾à¤¨à¤¨à¥€à¤¯ à¤®à¥à¤–à¥à¤¯à¤®à¤‚à¤¤à¥à¤°à¥€ à¤œà¥€,\nBTC à¤¬à¤¾à¤²à¥‹ à¤•à¥‹ à¤¨à¥Œà¤•à¤°à¥€ à¤¦à¥‡ à¤°à¤¹à¥‡ à¤¹à¥ˆà¤‚ à¤…à¤šà¥à¤›à¥€ à¤¬à¤¾à¤¤ à¤¹à¥ˆ, à¤ªà¤°à¤¨à¥à¤¤à¥ à¤¹à¤® à¤¶à¤¿à¤•à¥à¤·à¤¾à¤®à¤¿à¤¤à¥à¤°à¥‹à¤‚ à¤¸à¥‡ à¤à¤¸à¥€ à¤•à¥Œà¤¨ à¤¸à¥€ à¤¦à¥à¤¶à¥à¤®à¤¨à¥€ à¤¹à¥ˆ à¤œà¥‹â€¦",ETH,598.76,BTC,8177.06
Sat Mar 17 06:06:17 2018,"vjHTo2ZRUUcAvbT","RT @coin_post: ã‚¸ãƒ§ãƒ³ãƒã‚«ãƒ•ã‚£ãƒ¼ï¼šãƒãƒƒã‚­ãƒ³ã‚°å¯¾ç­–ã‚¹ã‚¿ãƒ¼ãƒˆã‚¢ãƒƒãƒ—CryptoSecureã«åŠ å…¥\n\nã‚»ã‚­ãƒ¥ãƒªãƒ†ã‚£ã‚½ãƒ•ãƒˆMcAfeeã‚’è¨­ç«‹ã—ãŸJohn McAfeeæ°ã¯ã€2020å¹´ã¾ã§ã«BTCãŒ100ä¸‡ãƒ‰ãƒ«ï¼ˆç´„1å„„å††ï¼‰ã«åˆ°é”ã™ã‚‹ã¨äºˆæƒ³ã€‚\nåŒæ°ã¯ä»®æƒ³é€šè²¨ãƒãƒƒã‚­ãƒ³ã‚°å¯¾ç­–ä¼æ¥­â€¦",ETH,598.76,BTC,8177.06
Sat Mar 17 06:06:17 2018,"meeernst7","RT @Crypt0Whal3: For people who are hating misinformation.  Here is the solution:\n\n1. Follow @LiveCoinWatch\n2. Ignore &amp; Unfollow @CoinMarkeâ€¦",ETH,598.76,BTC,8177.06
Sat Mar 17 06:06:18 2018,"Ochoinsprd21","RT @GymRewards: Buy #GYMRewards Tokens, Bonus Time is ending! https://t.co/HDvhoZrz2J, #ICO #cryptocurrency #mobile #app #mining #exercisinâ€¦",ETH,598.76,BTC,8177.06
Sat Mar 17 06:06:19 2018,"ashanspraveen","RT @ashanspraveen: Join the epic #LitecoinCash giveaway in just a few clicks! Thank you @LitecoinFork! #Litecoin #Cryptocurrency #Bitcoin hâ€¦",ETH,598.76,BTC,8177.06
Sat Mar 17 06:06:20 2018,"SirBennyMiles","GO!!! @criptomanICO @EvilArthas10 @ExclusivesICO @svistov @Tohchac #thugcoin  #airdrop #bounty #ethereumâ€¦ https://t.co/lmGHAc8z99",ETH,598.76,BTC,8177.06
Sat Mar 17 06:06:21 2018,"laconrep12","RT @4New_Airdrop: ğŸ”°ğŸ”°ğŸ”° 4NEWAIRDROPâ¤ ğŸ”°ğŸ”°ğŸ”°\n4New is airdropping  100 KWATT tokens to Telegram  users.âœ³ï¸ğŸš€ğŸš€\n\n1âƒ£. Chat with Telegram bot:ğŸ“³ğŸ“³ \nhttps:â€¦",ETH,598.76,BTC,8177.06
